-- --------------------------------------------------------
-- Host:                         127.0.0.1
-- Server version:               10.4.27-MariaDB - mariadb.org binary distribution
-- Server OS:                    Win64
-- HeidiSQL Version:             12.3.0.6589
-- --------------------------------------------------------

/*!40101 SET @OLD_CHARACTER_SET_CLIENT=@@CHARACTER_SET_CLIENT */;
/*!40101 SET NAMES utf8 */;
/*!50503 SET NAMES utf8mb4 */;
/*!40103 SET @OLD_TIME_ZONE=@@TIME_ZONE */;
/*!40103 SET TIME_ZONE='+00:00' */;
/*!40014 SET @OLD_FOREIGN_KEY_CHECKS=@@FOREIGN_KEY_CHECKS, FOREIGN_KEY_CHECKS=0 */;
/*!40101 SET @OLD_SQL_MODE=@@SQL_MODE, SQL_MODE='NO_AUTO_VALUE_ON_ZERO' */;
/*!40111 SET @OLD_SQL_NOTES=@@SQL_NOTES, SQL_NOTES=0 */;


-- Dumping database structure for zenandsuweb_db
CREATE DATABASE IF NOT EXISTS `zenandsuweb_db` /*!40100 DEFAULT CHARACTER SET utf8 COLLATE utf8_general_ci */;
USE `zenandsuweb_db`;

-- Dumping structure for table zenandsuweb_db.admin
CREATE TABLE IF NOT EXISTS `admin` (
  `id` int(11) NOT NULL AUTO_INCREMENT,
  `user_id` int(11) NOT NULL,
  `email` varchar(45) DEFAULT NULL,
  `fname` varchar(45) DEFAULT NULL,
  `lname` varchar(45) DEFAULT NULL,
  `password` varchar(45) DEFAULT NULL,
  PRIMARY KEY (`id`),
  KEY `fk_admin_user1_idx` (`user_id`),
  CONSTRAINT `fk_admin_user1` FOREIGN KEY (`user_id`) REFERENCES `user` (`id`)
) ENGINE=InnoDB AUTO_INCREMENT=3 DEFAULT CHARSET=utf8mb4 COLLATE=utf8mb4_bin;

-- Dumping data for table zenandsuweb_db.admin: ~1 rows (approximately)
INSERT INTO `admin` (`id`, `user_id`, `email`, `fname`, `lname`, `password`) VALUES
	(1, 1, 'admin@gmail.com', 'Admin', 'One', 'Admin@1');

-- Dumping structure for table zenandsuweb_db.cart
CREATE TABLE IF NOT EXISTS `cart` (
  `id` int(11) NOT NULL AUTO_INCREMENT,
  `product_id` int(11) NOT NULL,
  `user_id` int(11) NOT NULL,
  `color` varchar(10) DEFAULT NULL,
  `size` varchar(10) DEFAULT NULL,
  `qty` int(11) DEFAULT NULL,
  `unit_price` float DEFAULT NULL,
  PRIMARY KEY (`id`),
  KEY `fk_cart_product1_idx` (`product_id`),
  KEY `fk_cart_user1_idx` (`user_id`),
  CONSTRAINT `fk_cart_product1` FOREIGN KEY (`product_id`) REFERENCES `product` (`id`),
  CONSTRAINT `fk_cart_user1` FOREIGN KEY (`user_id`) REFERENCES `user` (`id`)
) ENGINE=InnoDB AUTO_INCREMENT=4 DEFAULT CHARSET=utf8mb4 COLLATE=utf8mb4_bin;

-- Dumping data for table zenandsuweb_db.cart: ~0 rows (approximately)

-- Dumping structure for table zenandsuweb_db.category
CREATE TABLE IF NOT EXISTS `category` (
  `id` int(11) NOT NULL AUTO_INCREMENT,
  `name` varchar(45) DEFAULT NULL,
  PRIMARY KEY (`id`)
) ENGINE=InnoDB AUTO_INCREMENT=4 DEFAULT CHARSET=utf8mb4 COLLATE=utf8mb4_bin;

-- Dumping data for table zenandsuweb_db.category: ~3 rows (approximately)
INSERT INTO `category` (`id`, `name`) VALUES
	(1, 'Men\'s Products'),
	(2, 'Ladies\' Products'),
	(3, 'For Both');

-- Dumping structure for table zenandsuweb_db.category_has_type
CREATE TABLE IF NOT EXISTS `category_has_type` (
  `id` int(11) NOT NULL AUTO_INCREMENT,
  `category_id` int(11) NOT NULL,
  `type_id` int(11) NOT NULL,
  PRIMARY KEY (`id`),
  KEY `fk_category_has_type_type1_idx` (`type_id`),
  KEY `fk_category_has_type_category1_idx` (`category_id`),
  CONSTRAINT `fk_category_has_type_category1` FOREIGN KEY (`category_id`) REFERENCES `category` (`id`),
  CONSTRAINT `fk_category_has_type_type1` FOREIGN KEY (`type_id`) REFERENCES `type` (`id`)
) ENGINE=InnoDB AUTO_INCREMENT=36 DEFAULT CHARSET=utf8mb4 COLLATE=utf8mb4_bin;

-- Dumping data for table zenandsuweb_db.category_has_type: ~18 rows (approximately)
INSERT INTO `category_has_type` (`id`, `category_id`, `type_id`) VALUES
	(1, 1, 1),
	(2, 1, 2),
	(3, 1, 3),
	(4, 1, 4),
	(5, 1, 5),
	(6, 1, 6),
	(7, 2, 1),
	(8, 2, 2),
	(9, 2, 3),
	(10, 2, 4),
	(11, 2, 5),
	(12, 2, 6),
	(13, 3, 1),
	(14, 3, 2),
	(15, 3, 3),
	(16, 3, 4),
	(17, 3, 5),
	(18, 3, 6);

-- Dumping structure for table zenandsuweb_db.city
CREATE TABLE IF NOT EXISTS `city` (
  `id` int(11) NOT NULL AUTO_INCREMENT,
  `name` varchar(45) DEFAULT NULL,
  `postal_code` varchar(45) DEFAULT NULL,
  PRIMARY KEY (`id`)
) ENGINE=InnoDB AUTO_INCREMENT=2213 DEFAULT CHARSET=utf8mb4 COLLATE=utf8mb4_bin;

-- Dumping data for table zenandsuweb_db.city: ~2,154 rows (approximately)
INSERT INTO `city` (`id`, `name`, `postal_code`) VALUES
	(1, 'Akkaraipattu', '32400'),
	(2, 'Ambagahawatta', '90326'),
	(3, 'Ampara', '32000'),
	(4, 'Bakmitiyawa', '32024'),
	(5, 'Deegawapiya', '32006'),
	(6, 'Devalahinda', '32038'),
	(7, 'Digamadulla Weeragoda', '32008'),
	(8, 'Dorakumbura', '32104'),
	(9, 'Gonagolla', '32064'),
	(10, 'Hulannuge', '32514'),
	(11, 'Kalmunai', '32300'),
	(12, 'Kannakipuram', '32405'),
	(13, 'Karativu', '32250'),
	(14, 'Kekirihena', '32074'),
	(15, 'Koknahara', '32035'),
	(16, 'Kolamanthalawa', '32102'),
	(17, 'Komari', '32418'),
	(18, 'Lahugala', '32512'),
	(19, 'Irakkamam', '32450'),
	(20, 'Mahaoya', '32070'),
	(21, 'Marathamune', '32314'),
	(22, 'Namaloya', '32037'),
	(23, 'Navithanveli', '32308'),
	(24, 'Nintavur', '32340'),
	(25, 'Oluvil', '32360'),
	(26, 'Padiyatalawa', '32100'),
	(27, 'Pahalalanda', '32034'),
	(28, 'Panama', '32508'),
	(29, 'Pannalagama', '32022'),
	(30, 'Paragahakele', '32031'),
	(31, 'Periyaneelavanai', '32316'),
	(32, 'Polwaga Janapadaya', '32032'),
	(33, 'Pottuvil', '32500'),
	(34, 'Sainthamaruthu', '32280'),
	(35, 'Samanthurai', '32200'),
	(36, 'Serankada', '32101'),
	(37, 'Tempitiya', '32072'),
	(38, 'Thambiluvil', '32415'),
	(39, 'Tirukovil', '32420'),
	(40, 'Uhana', '32060'),
	(41, 'Wadinagala', '32039'),
	(42, 'Wanagamuwa', '32454'),
	(43, 'Angamuwa', '50248'),
	(44, 'Anuradhapura', '50000'),
	(45, 'Awukana', '50169'),
	(46, 'Bogahawewa', '50566'),
	(47, 'Dematawewa', '50356'),
	(48, 'Dimbulagala', '51031'),
	(49, 'Dutuwewa', '50393'),
	(50, 'Elayapattuwa', '50014'),
	(51, 'Ellewewa', '51034'),
	(52, 'Eppawala', '50260'),
	(53, 'Etawatunuwewa', '50584'),
	(54, 'Etaweeragollewa', '50518'),
	(55, 'Galapitagala', '32066'),
	(56, 'Galenbindunuwewa', '50390'),
	(57, 'Galkadawala', '50006'),
	(58, 'Galkiriyagama', '50120'),
	(59, 'Galkulama', '50064'),
	(60, 'Galnewa', '50170'),
	(61, 'Gambirigaswewa', '50057'),
	(62, 'Ganewalpola', '50142'),
	(63, 'Gemunupura', '50224'),
	(64, 'Getalawa', '50392'),
	(65, 'Gnanikulama', '50036'),
	(66, 'Gonahaddenawa', '50554'),
	(67, 'Habarana', '50150'),
	(68, 'Halmillawa Dambulla', '50124'),
	(69, 'Halmillawetiya', '50552'),
	(70, 'Hidogama', '50044'),
	(71, 'Horawpatana', '50350'),
	(72, 'Horiwila', '50222'),
	(73, 'Hurigaswewa', '50176'),
	(74, 'Hurulunikawewa', '50394'),
	(75, 'Ihala Puliyankulama', '61316'),
	(76, 'Kagama', '50282'),
	(77, 'Kahatagasdigiliya', '50320'),
	(78, 'Kahatagollewa', '50562'),
	(79, 'Kalakarambewa', '50288'),
	(80, 'Kalaoya', '50226'),
	(81, 'Kalawedi Ulpotha', '50556'),
	(82, 'Kallanchiya', '50454'),
	(83, 'Kalpitiya', '61360'),
	(84, 'Kalukele Badanagala', '51037'),
	(85, 'Kapugallawa', '50370'),
	(86, 'Karagahawewa', '50232'),
	(87, 'Kashyapapura', '51032'),
	(88, 'Kebithigollewa', '50500'),
	(89, 'Kekirawa', '50100'),
	(90, 'Kendewa', '50452'),
	(91, 'Kiralogama', '50259'),
	(92, 'Kirigalwewa', '50511'),
	(93, 'Kirimundalama', '61362'),
	(94, 'Kitulhitiyawa', '50132'),
	(95, 'Kurundankulama', '50062'),
	(96, 'Labunoruwa', '50088'),
	(97, 'Ihalagama', '50304'),
	(98, 'Ipologama', '50280'),
	(99, 'Madatugama', '50130'),
	(100, 'Maha Elagamuwa', '50126'),
	(101, 'Mahabulankulama', '50196'),
	(102, 'Mahailluppallama', '50270'),
	(103, 'Mahakanadarawa', '50306'),
	(104, 'Mahapothana', '50327'),
	(105, 'Mahasenpura', '50574'),
	(106, 'Mahawilachchiya', '50022'),
	(107, 'Mailagaswewa', '50384'),
	(108, 'Malwanagama', '50236'),
	(109, 'Maneruwa', '50182'),
	(110, 'Maradankadawala', '50080'),
	(111, 'Maradankalla', '50308'),
	(112, 'Medawachchiya', '50500'),
	(113, 'Megodawewa', '50334'),
	(114, 'Mihintale', '50300'),
	(115, 'Morakewa', '50349'),
	(116, 'Mulkiriyawa', '50324'),
	(117, 'Muriyakadawala', '50344'),
	(118, 'Colombo 15', '01500'),
	(119, 'Nachchaduwa', '50046'),
	(120, 'Namalpura', '50339'),
	(121, 'Negampaha', '50180'),
	(122, 'Nochchiyagama', '50200'),
	(123, 'Nuwaragala', '51039'),
	(124, 'Padavi Maithripura', '50572'),
	(125, 'Padavi Parakramapura', '50582'),
	(126, 'Padavi Sripura', '50587'),
	(127, 'Padavi Sritissapura', '50588'),
	(128, 'Padaviya', '50570'),
	(129, 'Padikaramaduwa', '50338'),
	(130, 'Pahala Halmillewa', '50206'),
	(131, 'Pahala Maragahawe', '50220'),
	(132, 'Pahalagama', '50244'),
	(133, 'Palugaswewa', '50144'),
	(134, 'Pandukabayapura', '50448'),
	(135, 'Pandulagama', '50029'),
	(136, 'Parakumpura', '50326'),
	(137, 'Parangiyawadiya', '50354'),
	(138, 'Parasangahawewa', '50055'),
	(139, 'Pelatiyawa', '51033'),
	(140, 'Pemaduwa', '50020'),
	(141, 'Perimiyankulama', '50004'),
	(142, 'Pihimbiyagolewa', '50512'),
	(143, 'Pubbogama', '50122'),
	(144, 'Punewa', '50506'),
	(145, 'Rajanganaya', '50246'),
	(146, 'Rambewa', '50450'),
	(147, 'Rampathwila', '50386'),
	(148, 'Rathmalgahawewa', '50514'),
	(149, 'Saliyapura', '50008'),
	(150, 'Seeppukulama', '50380'),
	(151, 'Senapura', '50284'),
	(152, 'Sivalakulama', '50068'),
	(153, 'Siyambalewa', '50184'),
	(154, 'Sravasthipura', '50042'),
	(155, 'Talawa', '50230'),
	(156, 'Tambuttegama', '50240'),
	(157, 'Tammennawa', '50104'),
	(158, 'Tantirimale', '50016'),
	(159, 'Telhiriyawa', '50242'),
	(160, 'Tirappane', '50072'),
	(161, 'Tittagonewa', '50558'),
	(162, 'Udunuwara Colony', '50207'),
	(163, 'Upuldeniya', '50382'),
	(164, 'Uttimaduwa', '50067'),
	(165, 'Vellamanal', '31053'),
	(166, 'Viharapalugama', '50012'),
	(167, 'Wahalkada', '50564'),
	(168, 'Wahamalgollewa', '50492'),
	(169, 'Walagambahuwa', '50086'),
	(170, 'Walahaviddawewa', '50516'),
	(171, 'Welimuwapotana', '50358'),
	(172, 'Welioya Project', '50586'),
	(173, 'Akkarasiyaya', '90166'),
	(174, 'Aluketiyawa', '90736'),
	(175, 'Aluttaramma', '90722'),
	(176, 'Ambadandegama', '90108'),
	(177, 'Ambagasdowa', '90300'),
	(178, 'Arawa', '90017'),
	(179, 'Arawakumbura', '90532'),
	(180, 'Arawatta', '90712'),
	(181, 'Atakiriya', '90542'),
	(182, 'Badulla', '90000'),
	(183, 'Baduluoya', '90019'),
	(184, 'Ballaketuwa', '90092'),
	(185, 'Bambarapana', '90322'),
	(186, 'Bandarawela', '90100'),
	(187, 'Beramada', '90066'),
	(188, 'Bibilegama', '90502'),
	(189, 'Boragas', '90362'),
	(190, 'Boralanda', '90170'),
	(191, 'Bowela', '90302'),
	(192, 'Central Camp', '32050'),
	(193, 'Damanewela', '32126'),
	(194, 'Dambana', '90714'),
	(195, 'Dehiattakandiya', '32150'),
	(196, 'Demodara', '90080'),
	(197, 'Diganatenna', '90132'),
	(198, 'Dikkapitiya', '90214'),
	(199, 'Dimbulana', '90324'),
	(200, 'Divulapelessa', '90726'),
	(201, 'Diyatalawa', '90150'),
	(202, 'Dulgolla', '90104'),
	(203, 'Ekiriyankumbura', '91502'),
	(204, 'Ella', '90090'),
	(205, 'Ettampitiya', '90140'),
	(206, 'Galauda', '90065'),
	(207, 'Galporuyaya', '90752'),
	(208, 'Gawarawela', '90082'),
	(209, 'Girandurukotte', '90750'),
	(210, 'Godunna', '90067'),
	(211, 'Gurutalawa', '90208'),
	(212, 'Haldummulla', '90180'),
	(213, 'Hali Ela', '90060'),
	(214, 'Hangunnawa', '90224'),
	(215, 'Haputale', '90160'),
	(216, 'Hebarawa', '90724'),
	(217, 'Heeloya', '90112'),
	(218, 'Helahalpe', '90122'),
	(219, 'Helapupula', '90094'),
	(220, 'Hopton', '90524'),
	(221, 'Idalgashinna', '96167'),
	(222, 'Kahataruppa', '90052'),
	(223, 'Kalugahakandura', '90546'),
	(224, 'Kalupahana', '90186'),
	(225, 'Kebillawela', '90102'),
	(226, 'Kendagolla', '90048'),
	(227, 'Keselpotha', '90738'),
	(228, 'Ketawatta', '90016'),
	(229, 'Kiriwanagama', '90184'),
	(230, 'Koslanda', '90190'),
	(231, 'Kuruwitenna', '90728'),
	(232, 'Kuttiyagolla', '90046'),
	(233, 'Landewela', '90068'),
	(234, 'Liyangahawela', '90106'),
	(235, 'Lunugala', '90530'),
	(236, 'Lunuwatta', '90310'),
	(237, 'Madulsima', '90535'),
	(238, 'Mahiyanganaya', '90700'),
	(239, 'Makulella', '90114'),
	(240, 'Malgoda', '90754'),
	(241, 'Mapakadawewa', '90730'),
	(242, 'Maspanna', '90328'),
	(243, 'Maussagolla', '90582'),
	(244, 'Mawanagama', '32158'),
	(245, 'Medawela Udukinda', '90218'),
	(246, 'Meegahakiula', '90015'),
	(247, 'Metigahatenna', '90540'),
	(248, 'Mirahawatta', '90134'),
	(249, 'Miriyabedda', '90504'),
	(250, 'Nawamedagama', '32120'),
	(251, 'Nelumgama', '90042'),
	(252, 'Nikapotha', '90165'),
	(253, 'Nugatalawa', '90216'),
	(254, 'Ohiya', '90168'),
	(255, 'Pahalarathkinda', '90756'),
	(256, 'Pallekiruwa', '90534'),
	(257, 'Passara', '90500'),
	(258, 'Pattiyagedara', '90138'),
	(259, 'Pelagahatenna', '90522'),
	(260, 'Perawella', '90222'),
	(261, 'Pitamaruwa', '90544'),
	(262, 'Pitapola', '90171'),
	(263, 'Puhulpola', '90212'),
	(264, 'Rajagalatenna', '32068'),
	(265, 'Rathkarawwa', '90164'),
	(266, 'Ridimaliyadda', '90704'),
	(267, 'Silmiyapura', '90364'),
	(268, 'Sirimalgoda', '90044'),
	(269, 'Siripura', '32155'),
	(270, 'Sorabora Colony', '90718'),
	(271, 'Soragune', '90183'),
	(272, 'Soranathota', '90008'),
	(273, 'Taldena', '90014'),
	(274, 'Timbirigaspitiya', '90012'),
	(275, 'Uduhawara', '90226'),
	(276, 'Uraniya', '90702'),
	(277, 'Uva Karandagolla', '90091'),
	(278, 'Uva Mawelagama', '90192'),
	(279, 'Uva Tenna', '90188'),
	(280, 'Uva Tissapura', '90734'),
	(281, 'Welimada', '90200'),
	(282, 'Weranketagoda', '32062'),
	(283, 'Wewatta', '90716'),
	(284, 'Wineethagama', '90034'),
	(285, 'Yalagamuwa', '90329'),
	(286, 'Yalwela', '90706'),
	(287, 'Addalaichenai', '32350'),
	(288, 'Ampilanthurai', '30162'),
	(289, 'Araipattai', '30150'),
	(290, 'Ayithiyamalai', '30362'),
	(291, 'Bakiella', '30206'),
	(292, 'Batticaloa', '30000'),
	(293, 'Cheddipalayam', '30194'),
	(294, 'Chenkaladi', '30350'),
	(295, 'Eravur', '30300'),
	(296, 'Kaluwanchikudi', '30200'),
	(297, 'Kaluwankemy', '30372'),
	(298, 'Kannankudah', '30016'),
	(299, 'Karadiyanaru', '30354'),
	(300, 'Kathiraveli', '30456'),
	(301, 'Kattankudi', '30100'),
	(302, 'Kiran', '30394'),
	(303, 'Kirankulam', '30159'),
	(304, 'Koddaikallar', '30249'),
	(305, 'Kokkaddicholai', '30160'),
	(306, 'Kurukkalmadam', '30192'),
	(307, 'Mandur', '30220'),
	(308, 'Miravodai', '30426'),
	(309, 'Murakottanchanai', '30392'),
	(310, 'Navagirinagar', '30238'),
	(311, 'Navatkadu', '30018'),
	(312, 'Oddamavadi', '30420'),
	(313, 'Palamunai', '32354'),
	(314, 'Pankudavely', '30352'),
	(315, 'Periyaporativu', '30230'),
	(316, 'Periyapullumalai', '30358'),
	(317, 'Pillaiyaradi', '30022'),
	(318, 'Punanai', '30428'),
	(319, 'Thannamunai', '30024'),
	(320, 'Thettativu', '30196'),
	(321, 'Thikkodai', '30236'),
	(322, 'Thirupalugamam', '30234'),
	(323, 'Unnichchai', '30364'),
	(324, 'Vakaneri', '30424'),
	(325, 'Vakarai', '30450'),
	(326, 'Valaichenai', '30400'),
	(327, 'Vantharumoolai', '30376'),
	(328, 'Vellavely', '30204'),
	(329, 'Akarawita', '10732'),
	(330, 'Ambalangoda', '80300'),
	(331, 'Athurugiriya', '10150'),
	(332, 'Avissawella', '10700'),
	(333, 'Batawala', '10513'),
	(334, 'Battaramulla', '10120'),
	(335, 'Biyagama', '11650'),
	(336, 'Bope', '10522'),
	(337, 'Boralesgamuwa', '10290'),
	(338, 'Colombo 8', '00800'),
	(339, 'Dedigamuwa', '10656'),
	(340, 'Dehiwala', '10350'),
	(341, 'Deltara', '10302'),
	(342, 'Habarakada', '10204'),
	(343, 'Hanwella', '10650'),
	(344, 'Hiripitya', '10232'),
	(345, 'Hokandara', '10118'),
	(346, 'Homagama', '10200'),
	(347, 'Horagala', '10502'),
	(348, 'Kaduwela', '10640'),
	(349, 'Kaluaggala', '11224'),
	(350, 'Kapugoda', '10662'),
	(351, 'Kehelwatta', '12550'),
	(352, 'Kiriwattuduwa', '10208'),
	(353, 'Kolonnawa', '10600'),
	(354, 'Kosgama', '10730'),
	(355, 'Madapatha', '10306'),
	(356, 'Maharagama', '10280'),
	(357, 'Malabe', '10115'),
	(358, 'Moratuwa', '10400'),
	(359, 'Mount Lavinia', '10370'),
	(360, 'Mullegama', '10202'),
	(361, 'Napawela', '10704'),
	(362, 'Nugegoda', '10250'),
	(363, 'Padukka', '10500'),
	(364, 'Pannipitiya', '10230'),
	(365, 'Piliyandala', '10300'),
	(366, 'Pitipana Homagama', '10206'),
	(367, 'Polgasowita', '10320'),
	(368, 'Pugoda', '10660'),
	(369, 'Ranala', '10654'),
	(370, 'Siddamulla', '10304'),
	(371, 'Siyambalagoda', '81462'),
	(372, 'Sri Jayawardenepura', '10100'),
	(373, 'Talawatugoda', '10116'),
	(374, 'Tummodara', '10682'),
	(375, 'Waga', '10680'),
	(376, 'Colombo 6', '00600'),
	(377, 'Agaliya', '80212'),
	(378, 'Ahangama', '80650'),
	(379, 'Ahungalla', '80562'),
	(380, 'Akmeemana', '80090'),
	(381, 'Alawatugoda', '20140'),
	(382, 'Aluthwala', '80332'),
	(383, 'Ampegama', '80204'),
	(384, 'Amugoda', '80422'),
	(385, 'Anangoda', '80044'),
	(386, 'Angulugaha', '80122'),
	(387, 'Ankokkawala', '80048'),
	(388, 'Aselapura', '51072'),
	(389, 'Baddegama', '80200'),
	(390, 'Balapitiya', '80550'),
	(391, 'Banagala', '80143'),
	(392, 'Batapola', '80320'),
	(393, 'Bentota', '80500'),
	(394, 'Boossa', '80270'),
	(395, 'Dellawa', '81477'),
	(396, 'Dikkumbura', '80654'),
	(397, 'Dodanduwa', '80250'),
	(398, 'Ella Tanabaddegama', '80402'),
	(399, 'Elpitiya', '80400'),
	(400, 'Galle', '80000'),
	(401, 'Ginimellagaha', '80220'),
	(402, 'Gintota', '80280'),
	(403, 'Godahena', '80302'),
	(404, 'Gonamulla Junction', '80054'),
	(405, 'Gonapinuwala', '80230'),
	(406, 'Habaraduwa', '80630'),
	(407, 'Haburugala', '80506'),
	(408, 'Hikkaduwa', '80240'),
	(409, 'Hiniduma', '80080'),
	(410, 'Hiyare', '80056'),
	(411, 'Kahaduwa', '80460'),
	(412, 'Kahawa', '80312'),
	(413, 'Karagoda', '80151'),
	(414, 'Karandeniya', '80360'),
	(415, 'Kosgoda', '80570'),
	(416, 'Kottawagama', '80062'),
	(417, 'Kottegoda', '81180'),
	(418, 'Kuleegoda', '80328'),
	(419, 'Magedara', '80152'),
	(420, 'Mahawela Sinhapura', '51076'),
	(421, 'Mapalagama', '80112'),
	(422, 'Mapalagama Central', '80116'),
	(423, 'Mattaka', '80424'),
	(424, 'Meda-Keembiya', '80092'),
	(425, 'Meetiyagoda', '80330'),
	(426, 'Nagoda', '80110'),
	(427, 'Nakiyadeniya', '80064'),
	(428, 'Nawandagala', '80416'),
	(429, 'Neluwa', '80082'),
	(430, 'Nindana', '80318'),
	(431, 'Pahala Millawa', '81472'),
	(432, 'Panangala', '80075'),
	(433, 'Pannimulla Panagoda', '80086'),
	(434, 'Parana Thanayamgoda', '80114'),
	(435, 'Patana', '22012'),
	(436, 'Pitigala', '80420'),
	(437, 'Poddala', '80170'),
	(438, 'Polgampola', '12136'),
	(439, 'Porawagama', '80408'),
	(440, 'Rantotuwila', '80354'),
	(441, 'Talagampola', '80058'),
	(442, 'Talgaspe', '80406'),
	(443, 'Talpe', '80615'),
	(444, 'Tawalama', '80148'),
	(445, 'Tiranagama', '80244'),
	(446, 'Udalamatta', '80108'),
	(447, 'Udugama', '80070'),
	(448, 'Uluvitike', '80168'),
	(449, 'Unawatuna', '80600'),
	(450, 'Unawitiya', '80214'),
	(451, 'Uragaha', '80352'),
	(452, 'Uragasmanhandiya', '80350'),
	(453, 'Wakwella', '80042'),
	(454, 'Walahanduwa', '80046'),
	(455, 'Wanchawela', '80120'),
	(456, 'Wanduramba', '80100'),
	(457, 'Warukandeniya', '80084'),
	(458, 'Watugedara', '80340'),
	(459, 'Weihena', '80216'),
	(460, 'Welikanda', '51070'),
	(461, 'Wilanagama', '20142'),
	(462, 'Yakkalamulla', '80150'),
	(463, 'Yatalamatta', '80107'),
	(464, 'Akaragama', '11536'),
	(465, 'Ambagaspitiya', '11052'),
	(466, 'Ambepussa', '11212'),
	(467, 'Andiambalama', '11558'),
	(468, 'Attanagalla', '11120'),
	(469, 'Badalgama', '11538'),
	(470, 'Banduragoda', '11244'),
	(471, 'Batuwatta', '11011'),
	(472, 'Bemmulla', '11040'),
	(473, 'Biyagama IPZ', '11672'),
	(474, 'Bokalagama', '11216'),
	(475, 'Bollete (WP)', '11024'),
	(476, 'Bopagama', '11134'),
	(477, 'Buthpitiya', '11720'),
	(478, 'Dagonna', '11524'),
	(479, 'Danowita', '11896'),
	(480, 'Debahera', '11889'),
	(481, 'Dekatana', '11690'),
	(482, 'Delgoda', '11700'),
	(483, 'Delwagura', '11228'),
	(484, 'Demalagama', '11692'),
	(485, 'Demanhandiya', '11270'),
	(486, 'Dewalapola', '11102'),
	(487, 'Divulapitiya', '11250'),
	(488, 'Divuldeniya', '11208'),
	(489, 'Dompe', '11680'),
	(490, 'Dunagaha', '11264'),
	(491, 'Ekala', '11380'),
	(492, 'Ellakkala', '11116'),
	(493, 'Essella', '11108'),
	(494, 'Galedanda', '90206'),
	(495, 'Gampaha', '11000'),
	(496, 'Ganemulla', '11020'),
	(497, 'Giriulla', '60140'),
	(498, 'Gonawala', '11630'),
	(499, 'Halpe', '70145'),
	(500, 'Hapugastenna', '70164'),
	(501, 'Heiyanthuduwa', '11618'),
	(502, 'Hinatiyana Madawala', '11568'),
	(503, 'Hiswella', '11734'),
	(504, 'Horampella', '11564'),
	(505, 'Hunumulla', '11262'),
	(506, 'Hunupola', '60582'),
	(507, 'Ihala Madampella', '11265'),
	(508, 'Imbulgoda', '11856'),
	(509, 'Ja-Ela', '11350'),
	(510, 'Kadawatha', '11850'),
	(511, 'Kahatowita', '11144'),
	(512, 'Kalagedihena', '11875'),
	(513, 'Kaleliya', '11160'),
	(514, 'Kandana', '11320'),
	(515, 'Katana', '11534'),
	(516, 'Katudeniya', '21016'),
	(517, 'Katunayake', '11450'),
	(518, 'Katunayake Air Force Camp', '11440'),
	(519, 'Katunayake(FTZ)', '11420'),
	(520, 'Katuwellegama', '11526'),
	(521, 'Kelaniya', '11600'),
	(522, 'Kimbulapitiya', '11522'),
	(523, 'Kirindiwela', '11730'),
	(524, 'Kitalawalana', '11206'),
	(525, 'Kochchikade', '11540'),
	(526, 'Kotadeniyawa', '11232'),
	(527, 'Kotugoda', '11390'),
	(528, 'Kumbaloluwa', '11105'),
	(529, 'Loluwagoda', '11204'),
	(530, 'Mabodale', '11114'),
	(531, 'Madelgamuwa', '11033'),
	(532, 'Makewita', '11358'),
	(533, 'Makola', '11640'),
	(534, 'Malwana', '11670'),
	(535, 'Mandawala', '11061'),
	(536, 'Marandagahamula', '11260'),
	(537, 'Mellawagedara', '11234'),
	(538, 'Minuwangoda', '11550'),
	(539, 'Mirigama', '11200'),
	(540, 'Miriswatta', '80508'),
	(541, 'Mithirigala', '11742'),
	(542, 'Muddaragama', '11112'),
	(543, 'Mudungoda', '11056'),
	(544, 'Mulleriyawa New Town', '10620'),
	(545, 'Naranwala', '11063'),
	(546, 'Nawana', '11222'),
	(547, 'Nedungamuwa', '11066'),
	(548, 'Negombo', '11500'),
	(549, 'Nikadalupotha', '60580'),
	(550, 'Nikahetikanda', '11128'),
	(551, 'Nittambuwa', '11880'),
	(552, 'Niwandama', '11354'),
	(553, 'Opatha', '80142'),
	(554, 'Pamunugama', '11370'),
	(555, 'Pamunuwatta', '11214'),
	(556, 'Panawala', '70612'),
	(557, 'Pasyala', '11890'),
	(558, 'Peliyagoda', '11830'),
	(559, 'Pepiliyawala', '11741'),
	(560, 'Pethiyagoda', '11043'),
	(561, 'Polpithimukulana', '11324'),
	(562, 'Puwakpitiya', '10712'),
	(563, 'Radawadunna', '11892'),
	(564, 'Radawana', '11725'),
	(565, 'Raddolugama', '11400'),
	(566, 'Ragama', '11010'),
	(567, 'Ruggahawila', '11142'),
	(568, 'Seeduwa', '11410'),
	(569, 'Siyambalape', '11607'),
	(570, 'Talahena', '11504'),
	(571, 'Thambagalla', '60584'),
	(572, 'Thimbirigaskatuwa', '11532'),
	(573, 'Tittapattara', '10664'),
	(574, 'Udathuthiripitiya', '11054'),
	(575, 'Udugampola', '11030'),
	(576, 'Uggalboda', '11034'),
	(577, 'Urapola', '11126'),
	(578, 'Uswetakeiyawa', '11328'),
	(579, 'Veyangoda', '11100'),
	(580, 'Walgammulla', '11146'),
	(581, 'Walpita', '11226'),
	(582, 'Walpola (WP)', '11012'),
	(583, 'Wathurugama', '11724'),
	(584, 'Watinapaha', '11104'),
	(585, 'Wattala', '11104'),
	(586, 'Weboda', '11858'),
	(587, 'Wegowwa', '11562'),
	(588, 'Weweldeniya', '11894'),
	(589, 'Yakkala', '11870'),
	(590, 'Yatiyana', '11566'),
	(591, 'Ambalantota', '82100'),
	(592, 'Angunakolapelessa', '82220'),
	(593, 'Angunakolawewa', '91302'),
	(594, 'Bandagiriya Colony', '82005'),
	(595, 'Barawakumbuka', '82110'),
	(596, 'Beliatta', '82400'),
	(597, 'Beragama', '82102'),
	(598, 'Beralihela', '82618'),
	(599, 'Bundala', '82002'),
	(600, 'Ellagala', '82619'),
	(601, 'Gangulandeniya', '82586'),
	(602, 'Getamanna', '82420'),
	(603, 'Goda Koggalla', '82401'),
	(604, 'Gonagamuwa Uduwila', '82602'),
	(605, 'Gonnoruwa', '82006'),
	(606, 'Hakuruwela', '82248'),
	(607, 'Hambantota', '82000'),
	(608, 'Handugala', '81326'),
	(609, 'Hungama', '82120'),
	(610, 'Ihala Beligalla', '82412'),
	(611, 'Iththa Demaliya', '82462'),
	(612, 'Julampitiya', '82252'),
	(613, 'Kahandamodara', '82126'),
	(614, 'Kariyamaditta', '82274'),
	(615, 'Katuwana', '82500'),
	(616, 'Kawantissapura', '82622'),
	(617, 'Kirama', '82550'),
	(618, 'Kirinda', '82614'),
	(619, 'Lunama', '82108'),
	(620, 'Lunugamwehera', '82634'),
	(621, 'Magama', '82608'),
	(622, 'Mahagalwewa', '82016'),
	(623, 'Mamadala', '82109'),
	(624, 'Medamulana', '82254'),
	(625, 'Middeniya', '82270'),
	(626, 'Meegahajandura', '82014'),
	(627, 'Modarawana', '82416'),
	(628, 'Mulkirigala', '82242'),
	(629, 'Nakulugamuwa', '82300'),
	(630, 'Netolpitiya', '82135'),
	(631, 'Nihiluwa', '82414'),
	(632, 'Padawkema', '82636'),
	(633, 'Pahala Andarawewa', '82008'),
	(634, 'Rammalawarapitiya', '82554'),
	(635, 'Ranakeliya', '82612'),
	(636, 'Ranmuduwewa', '82018'),
	(637, 'Ranna', '82125'),
	(638, 'Ratmalwala', '82276'),
	(639, 'Ruhunu Ridiyagama', '82106'),
	(640, 'Sooriyawewa Town', '82010'),
	(641, 'Tangalla', '82200'),
	(642, 'Tissamaharama', '82600'),
	(643, 'Uda Gomadiya', '82504'),
	(644, 'Udamattala', '82638'),
	(645, 'Uswewa', '82278'),
	(646, 'Vitharandeniya', '82232'),
	(647, 'Walasmulla', '82450'),
	(648, 'Weeraketiya', '82240'),
	(649, 'Weerawila', '82632'),
	(650, 'Weerawila NewTown', '82615'),
	(651, 'Wekandawela', '82246'),
	(652, 'Weligatta', '82004'),
	(653, 'Yatigala', '82418'),
	(654, 'Jaffna', '40000'),
	(655, 'Agalawatta', '12200'),
	(656, 'Alubomulla', '12524'),
	(657, 'Anguruwatota', '12320'),
	(658, 'Atale', '71363'),
	(659, 'Baduraliya', '12230'),
	(660, 'Bandaragama', '12530'),
	(661, 'Batugampola', '10526'),
	(662, 'Bellana', '12224'),
	(663, 'Beruwala', '12070'),
	(664, 'Bolossagama', '12008'),
	(665, 'Bombuwala', '12024'),
	(666, 'Boralugoda', '12142'),
	(667, 'Bulathsinhala', '12300'),
	(668, 'Danawala Thiniyawala', '12148'),
	(669, 'Delmella', '12304'),
	(670, 'Dharga Town', '12090'),
	(671, 'Diwalakada', '12308'),
	(672, 'Dodangoda', '12020'),
	(673, 'Dombagoda', '12416'),
	(674, 'Ethkandura', '80458'),
	(675, 'Galpatha', '12005'),
	(676, 'Gamagoda', '12016'),
	(677, 'Gonagalpura', '80502'),
	(678, 'Gonapola Junction', '12410'),
	(679, 'Govinna', '12310'),
	(680, 'Gurulubadda', '12236'),
	(681, 'Halkandawila', '12055'),
	(682, 'Haltota', '12538'),
	(683, 'Halvitigala Colony', '80146'),
	(684, 'Halwala', '12118'),
	(685, 'Halwatura', '12306'),
	(686, 'Handapangoda', '10524'),
	(687, 'Hedigalla Colony', '12234'),
	(688, 'Henegama', '11715'),
	(689, 'Hettimulla', '71210'),
	(690, 'Horana', '12400'),
	(691, 'Ittapana', '12116'),
	(692, 'Kahawala', '10508'),
	(693, 'Kalawila Kiranthidiya', '12078'),
	(694, 'Kalutara', '12000'),
	(695, 'Kananwila', '12418'),
	(696, 'Kandanagama', '12428'),
	(697, 'Kelinkanda', '12218'),
	(698, 'Kitulgoda', '12222'),
	(699, 'Koholana', '12007'),
	(700, 'Kuda Uduwa', '12426'),
	(701, 'Labbala', '60162'),
	(702, 'Ihalahewessa', '80432'),
	(703, 'Induruwa', '80510'),
	(704, 'Ingiriya', '12440'),
	(705, 'Maggona', '12060'),
	(706, 'Mahagama', '12210'),
	(707, 'Mahakalupahana', '12126'),
	(708, 'Maharangalla', '71211'),
	(709, 'Malgalla Talangalla', '80144'),
	(710, 'Matugama', '12100'),
	(711, 'Meegahatenna', '12130'),
	(712, 'Meegama', '12094'),
	(713, 'Meegoda', '10504'),
	(714, 'Millaniya', '12412'),
	(715, 'Millewa', '12422'),
	(716, 'Miwanapalana', '12424'),
	(717, 'Molkawa', '12216'),
	(718, 'Morapitiya', '12232'),
	(719, 'Morontuduwa', '12564'),
	(720, 'Nawattuduwa', '12106'),
	(721, 'Neboda', '12030'),
	(722, 'Padagoda', '12074'),
	(723, 'Pahalahewessa', '12144'),
	(724, 'Paiyagala', '12050'),
	(725, 'Panadura', '12500'),
	(726, 'Pannala', '60160'),
	(727, 'Paragastota', '12414'),
	(728, 'Paragoda', '12302'),
	(729, 'Paraigama', '12122'),
	(730, 'Pelanda', '12214'),
	(731, 'Pelawatta', '12138'),
	(732, 'Pimbura', '70472'),
	(733, 'Pitagaldeniya', '71360'),
	(734, 'Pokunuwita', '12404'),
	(735, 'Poruwedanda', '12432'),
	(736, 'Ratmale', '81030'),
	(737, 'Remunagoda', '12009'),
	(738, 'Talgaswela', '80470'),
	(739, 'Tebuwana', '12025'),
	(740, 'Uduwara', '12322'),
	(741, 'Utumgama', '12127'),
	(742, 'Veyangalla', '12204'),
	(743, 'Wadduwa', '12560'),
	(744, 'Walagedara', '12112'),
	(745, 'Walallawita', '12134'),
	(746, 'Waskaduwa', '12580'),
	(747, 'Welipenna', '12108'),
	(748, 'Weliveriya', '11710'),
	(749, 'Welmilla Junction', '12534'),
	(750, 'Weragala', '71622'),
	(751, 'Yagirala', '12124'),
	(752, 'Yatadolawatta', '12104'),
	(753, 'Yatawara Junction', '12006'),
	(754, 'Aludeniya', '20062'),
	(755, 'Ambagahapelessa', '20986'),
	(756, 'Ambagamuwa Udabulathgama', '20678'),
	(757, 'Ambatenna', '20136'),
	(758, 'Ampitiya', '20160'),
	(759, 'Ankumbura', '20150'),
	(760, 'Atabage', '20574'),
	(761, 'Balana', '20308'),
	(762, 'Bambaragahaela', '20644'),
	(763, 'Batagolladeniya', '20154'),
	(764, 'Batugoda', '20132'),
	(765, 'Batumulla', '20966'),
	(766, 'Bawlana', '20218'),
	(767, 'Bopana', '20932'),
	(768, 'Danture', '20465'),
	(769, 'Dedunupitiya', '20068'),
	(770, 'Dekinda', '20658'),
	(771, 'Deltota', '20430'),
	(772, 'Divulankadawala', '51428'),
	(773, 'Dolapihilla', '20126'),
	(774, 'Dolosbage', '20510'),
	(775, 'Dunuwila', '20824'),
	(776, 'Etulgama', '20202'),
	(777, 'Galaboda', '20664'),
	(778, 'Galagedara', '20100'),
	(779, 'Galaha', '20420'),
	(780, 'Galhinna', '20152'),
	(781, 'Gampola', '20500'),
	(782, 'Gelioya', '20620'),
	(783, 'Godamunna', '20214'),
	(784, 'Gomagoda', '20184'),
	(785, 'Gonagantenna', '20712'),
	(786, 'Gonawalapatana', '20656'),
	(787, 'Gunnepana', '20270'),
	(788, 'Gurudeniya', '20189'),
	(789, 'Hakmana', '81300'),
	(790, 'Handaganawa', '20984'),
	(791, 'Handawalapitiya', '20438'),
	(792, 'Handessa', '20480'),
	(793, 'Hanguranketha', '20710'),
	(794, 'Harangalagama', '20669'),
	(795, 'Hataraliyadda', '20060'),
	(796, 'Hindagala', '20414'),
	(797, 'Hondiyadeniya', '20524'),
	(798, 'Hunnasgiriya', '20948'),
	(799, 'Inguruwatta', '60064'),
	(800, 'Jambugahapitiya', '20822'),
	(801, 'Kadugannawa', '20300'),
	(802, 'Kahataliyadda', '20924'),
	(803, 'Kalugala', '20926'),
	(804, 'Kandy', '20000'),
	(805, 'Kapuliyadde', '20206'),
	(806, 'Katugastota', '20800'),
	(807, 'Katukitula', '20588'),
	(808, 'Kelanigama', '20688'),
	(809, 'Kengalla', '20186'),
	(810, 'Ketaboola', '20660'),
	(811, 'Ketakumbura', '20306'),
	(812, 'Kobonila', '20928'),
	(813, 'Kolabissa', '20212'),
	(814, 'Kolongoda', '20971'),
	(815, 'Kulugammana', '20048'),
	(816, 'Kumbukkandura', '20902'),
	(817, 'Kumburegama', '20086'),
	(818, 'Kundasale', '20168'),
	(819, 'Leemagahakotuwa', '20482'),
	(820, 'Ihala Kobbekaduwa', '20042'),
	(821, 'Lunugama', '11062'),
	(822, 'Lunuketiya Maditta', '20172'),
	(823, 'Madawala Bazaar', '20260'),
	(824, 'Madawalalanda', '32016'),
	(825, 'Madugalla', '20938'),
	(826, 'Madulkele', '20840'),
	(827, 'Mahadoraliyadda', '20945'),
	(828, 'Mahamedagama', '20216'),
	(829, 'Mahanagapura', '32018'),
	(830, 'Mailapitiya', '20702'),
	(831, 'Makkanigama', '20828'),
	(832, 'Makuldeniya', '20921'),
	(833, 'Mangalagama', '32069'),
	(834, 'Mapakanda', '20662'),
	(835, 'Marassana', '20210'),
	(836, 'Marymount Colony', '20714'),
	(837, 'Mawatura', '20564'),
	(838, 'Medamahanuwara', '20940'),
	(839, 'Medawala Harispattuwa', '20120'),
	(840, 'Meetalawa', '20512'),
	(841, 'Megoda Kalugamuwa', '20409'),
	(842, 'Menikdiwela', '20470'),
	(843, 'Menikhinna', '20170'),
	(844, 'Mimure', '20923'),
	(845, 'Minigamuwa', '20109'),
	(846, 'Minipe', '20983'),
	(847, 'Moragahapallama', '32012'),
	(848, 'Murutalawa', '20232'),
	(849, 'Muruthagahamulla', '20526'),
	(850, 'Nanuoya', '22150'),
	(851, 'Naranpanawa', '20176'),
	(852, 'Narawelpita', '81302'),
	(853, 'Nawalapitiya', '20650'),
	(854, 'Nawathispane', '20670'),
	(855, 'Nillambe', '20418'),
	(856, 'Nugaliyadda', '20204'),
	(857, 'Ovilikanda', '21020'),
	(858, 'Pallekotuwa', '20084'),
	(859, 'Panwilatenna', '20544'),
	(860, 'Paradeka', '20578'),
	(861, 'Pasbage', '20654'),
	(862, 'Pattitalawa', '20511'),
	(863, 'Peradeniya', '20400'),
	(864, 'Pilimatalawa', '20450'),
	(865, 'Poholiyadda', '20106'),
	(866, 'Pubbiliya', '21502'),
	(867, 'Pupuressa', '20546'),
	(868, 'Pussellawa', '20580'),
	(869, 'Putuhapuwa', '20906'),
	(870, 'Rajawella', '20180'),
	(871, 'Rambukpitiya', '20676'),
	(872, 'Rambukwella', '20128'),
	(873, 'Rangala', '20922'),
	(874, 'Rantembe', '20990'),
	(875, 'Sangarajapura', '20044'),
	(876, 'Senarathwela', '20904'),
	(877, 'Talatuoya', '20200'),
	(878, 'Teldeniya', '20900'),
	(879, 'Tennekumbura', '20166'),
	(880, 'Uda Peradeniya', '20404'),
	(881, 'Udahentenna', '20506'),
	(882, 'Udatalawinna', '20802'),
	(883, 'Udispattuwa', '20916'),
	(884, 'Ududumbara', '20950'),
	(885, 'Uduwahinna', '20934'),
	(886, 'Uduwela', '20164'),
	(887, 'Ulapane', '20562'),
	(888, 'Unuwinna', '20708'),
	(889, 'Velamboda', '20640'),
	(890, 'Watagoda', '22110'),
	(891, 'Watagoda Harispattuwa', '20134'),
	(892, 'Wattappola', '20454'),
	(893, 'Weligampola', '20666'),
	(894, 'Wendaruwa', '20914'),
	(895, 'Weragantota', '20982'),
	(896, 'Werapitya', '20908'),
	(897, 'Werellagama', '20080'),
	(898, 'Wettawa', '20108'),
	(899, 'Yahalatenna', '20234'),
	(900, 'Yatihalagala', '20034'),
	(901, 'Alawala', '11122'),
	(902, 'Alawatura', '71204'),
	(903, 'Alawwa', '60280'),
	(904, 'Algama', '71607'),
	(905, 'Alutnuwara', '71508'),
	(906, 'Ambalakanda', '71546'),
	(907, 'Ambulugala', '71503'),
	(908, 'Amitirigala', '71320'),
	(909, 'Ampagala', '71232'),
	(910, 'Anhandiya', '60074'),
	(911, 'Anhettigama', '71403'),
	(912, 'Aranayaka', '71540'),
	(913, 'Aruggammana', '71041'),
	(914, 'Batuwita', '71321'),
	(915, 'Beligala(Sab)', '71044'),
	(916, 'Belihuloya', '70140'),
	(917, 'Berannawa', '71706'),
	(918, 'Bopitiya', '60155'),
	(919, 'Bopitiya (SAB)', '71612'),
	(920, 'Boralankada', '71418'),
	(921, 'Bossella', '71208'),
	(922, 'Bulathkohupitiya', '71230'),
	(923, 'Damunupola', '71034'),
	(924, 'Debathgama', '71037'),
	(925, 'Dedugala', '71237'),
	(926, 'Deewala Pallegama', '71022'),
	(927, 'Dehiowita', '71400'),
	(928, 'Deldeniya', '71009'),
	(929, 'Deloluwa', '71401'),
	(930, 'Deraniyagala', '71430'),
	(931, 'Dewalegama', '71050'),
	(932, 'Dewanagala', '71527'),
	(933, 'Dombemada', '71115'),
	(934, 'Dorawaka', '71601'),
	(935, 'Dunumala', '71605'),
	(936, 'Galapitamada', '71603'),
	(937, 'Galatara', '71505'),
	(938, 'Galigamuwa Town', '71350'),
	(939, 'Gallella', '70062'),
	(940, 'Galpatha(Sab)', '71312'),
	(941, 'Gantuna', '71222'),
	(942, 'Getahetta', '70620'),
	(943, 'Godagampola', '70556'),
	(944, 'Gonagala', '71318'),
	(945, 'Hakahinna', '71352'),
	(946, 'Hakbellawaka', '71715'),
	(947, 'Halloluwa', '20032'),
	(948, 'Hedunuwewa', '22024'),
	(949, 'Hemmatagama', '71530'),
	(950, 'Hewadiwela', '71108'),
	(951, 'Hingula', '71520'),
	(952, 'Hinguralakanda', '71417'),
	(953, 'Hingurana', '32010'),
	(954, 'Hiriwadunna', '71014'),
	(955, 'Ihala Walpola', '80134'),
	(956, 'Ihalagama', '70144'),
	(957, 'Imbulana', '71313'),
	(958, 'Imbulgasdeniya', '71055'),
	(959, 'Kabagamuwa', '71202'),
	(960, 'Kahapathwala', '60062'),
	(961, 'Kandaketya', '90020'),
	(962, 'Kannattota', '71372'),
	(963, 'Karagahinna', '21014'),
	(964, 'Kegalle', '71000'),
	(965, 'Kehelpannala', '71533'),
	(966, 'Ketawala Leula', '20198'),
	(967, 'Kitulgala', '71720'),
	(968, 'Kondeniya', '71501'),
	(969, 'Kotiyakumbura', '71370'),
	(970, 'Lewangama', '71315'),
	(971, 'Mahabage', '71722'),
	(972, 'Makehelwala', '71507'),
	(973, 'Malalpola', '71704'),
	(974, 'Maldeniya', '22021'),
	(975, 'Maliboda', '71411'),
	(976, 'Maliyadda', '90022'),
	(977, 'Malmaduwa', '71325'),
	(978, 'Marapana', '70041'),
	(979, 'Mawanella', '71500'),
	(980, 'Meetanwala', '60066'),
	(981, 'Migastenna Sabara', '71716'),
	(982, 'Miyanawita', '71432'),
	(983, 'Molagoda', '71016'),
	(984, 'Morontota', '71220'),
	(985, 'Narangala', '90064'),
	(986, 'Narangoda', '60152'),
	(987, 'Nattarampotha', '20194'),
	(988, 'Nelundeniya', '71060'),
	(989, 'Niyadurupola', '71602'),
	(990, 'Noori', '71407'),
	(991, 'Pannila', '12114'),
	(992, 'Pattampitiya', '71130'),
	(993, 'Pilawala', '20196'),
	(994, 'Pothukoladeniya', '71039'),
	(995, 'Puswelitenna', '60072'),
	(996, 'Rambukkana', '71100'),
	(997, 'Rilpola', '90026'),
	(998, 'Rukmale', '11129'),
	(999, 'Ruwanwella', '71300'),
	(1000, 'Samanalawewa', '70142'),
	(1001, 'Seaforth Colony', '71708'),
	(1002, 'Colombo 2', '00200'),
	(1003, 'Spring Valley', '90028'),
	(1004, 'Talgaspitiya', '71541'),
	(1005, 'Teligama', '71724'),
	(1006, 'Tholangamuwa', '71619'),
	(1007, 'Thotawella', '71106'),
	(1008, 'Udaha Hawupe', '70154'),
	(1009, 'Udapotha', '71236'),
	(1010, 'Uduwa', '20052'),
	(1011, 'Undugoda', '71200'),
	(1012, 'Ussapitiya', '71510'),
	(1013, 'Wahakula', '71303'),
	(1014, 'Waharaka', '71304'),
	(1015, 'Wanaluwewa', '11068'),
	(1016, 'Warakapola', '71600'),
	(1017, 'Watura', '71035'),
	(1018, 'Weeoya', '71702'),
	(1019, 'Wegalla', '71234'),
	(1020, 'Weligalla', '20610'),
	(1021, 'Welihelatenna', '71712'),
	(1022, 'Wewelwatta', '70066'),
	(1023, 'Yatagama', '71116'),
	(1024, 'Yatapana', '71326'),
	(1025, 'Yatiyantota', '71700'),
	(1026, 'Yattogoda', '71029'),
	(1027, 'Kandavalai', '42508'),
	(1028, 'Karachchi', NULL),
	(1029, 'Kilinochchi', '42400'),
	(1030, 'Pachchilaipalli', '42550'),
	(1031, 'Poonakary', '42600'),
	(1032, 'Akurana', '20850'),
	(1033, 'Alahengama', '60416'),
	(1034, 'Alahitiyawa', '60182'),
	(1035, 'Ambakote', '60036'),
	(1036, 'Ambanpola', '60650'),
	(1037, 'Andiyagala', '50112'),
	(1038, 'Anukkane', '60214'),
	(1039, 'Aragoda', '60308'),
	(1040, 'Ataragalla', '60706'),
	(1041, 'Awulegama', '60462'),
	(1042, 'Balalla', '60604'),
	(1043, 'Bamunukotuwa', '60347'),
	(1044, 'Bandara Koswatta', '60424'),
	(1045, 'Bingiriya', '60450'),
	(1046, 'Bogamulla', '60107'),
	(1047, 'Boraluwewa', '60437'),
	(1048, 'Boyagane', '60027'),
	(1049, 'Bujjomuwa', '60291'),
	(1050, 'Buluwala', '60076'),
	(1051, 'Dadayamtalawa', '32046'),
	(1052, 'Dambadeniya', '60130'),
	(1053, 'Daraluwa', '60174'),
	(1054, 'Deegalla', '60228'),
	(1055, 'Demataluwa', '60024'),
	(1056, 'Demuwatha', '70332'),
	(1057, 'Diddeniya', '60544'),
	(1058, 'Digannewa', '60485'),
	(1059, 'Divullegoda', '60472'),
	(1060, 'Diyasenpura', '51504'),
	(1061, 'Dodangaslanda', '60530'),
	(1062, 'Doluwa', '20532'),
	(1063, 'Doragamuwa', '20816'),
	(1064, 'Doratiyawa', '60013'),
	(1065, 'Dunumadalawa', '50214'),
	(1066, 'Dunuwilapitiya', '21538'),
	(1067, 'Ehetuwewa', '60716'),
	(1068, 'Elibichchiya', '60156'),
	(1069, 'Embogama', '60718'),
	(1070, 'Etungahakotuwa', '60266'),
	(1071, 'Galadivulwewa', '50210'),
	(1072, 'Galgamuwa', '60700'),
	(1073, 'Gallellagama', '20095'),
	(1074, 'Gallewa', '60712'),
	(1075, 'Ganegoda', '80440'),
	(1076, 'Girathalana', '60752'),
	(1077, 'Gokaralla', '60522'),
	(1078, 'Gonawila', '60170'),
	(1079, 'Halmillawewa', '60441'),
	(1080, 'Handungamuwa', '21536'),
	(1081, 'Harankahawa', '20092'),
	(1082, 'Helamada', '71046'),
	(1083, 'Hengamuwa', '60414'),
	(1084, 'Hettipola', '60430'),
	(1085, 'Hewainna', '10714'),
	(1086, 'Hilogama', '60486'),
	(1087, 'Hindagolla', '60034'),
	(1088, 'Hiriyala Lenawa', '60546'),
	(1089, 'Hiruwalpola', '60458'),
	(1090, 'Horambawa', '60181'),
	(1091, 'Hulogedara', '60474'),
	(1092, 'Hulugalla', '60477'),
	(1093, 'Ihala Gomugomuwa', '60211'),
	(1094, 'Ihala Katugampala', '60135'),
	(1095, 'Indulgodakanda', '60016'),
	(1096, 'Ithanawatta', '60025'),
	(1097, 'Kadigawa', '60492'),
	(1098, 'Kalankuttiya', '50174'),
	(1099, 'Kalatuwawa', '10718'),
	(1100, 'Kalugamuwa', '60096'),
	(1101, 'Kanadeniyawala', '60054'),
	(1102, 'Kanattewewa', '60422'),
	(1103, 'Kandegedara', '90070'),
	(1104, 'Karagahagedara', '60106'),
	(1105, 'Karambe', '60602'),
	(1106, 'Katiyawa', '50261'),
	(1107, 'Katupota', '60350'),
	(1108, 'Kawudulla', '51414'),
	(1109, 'Kawuduluwewa Stagell', '51514'),
	(1110, 'Kekunagolla', '60183'),
	(1111, 'Keppitiwalana', '60288'),
	(1112, 'Kimbulwanaoya', '60548'),
	(1113, 'Kirimetiyawa', '60184'),
	(1114, 'Kirindawa', '60212'),
	(1115, 'Kirindigalla', '60502'),
	(1116, 'Kithalawa', '60188'),
	(1117, 'Kitulwala', '11242'),
	(1118, 'Kobeigane', '60410'),
	(1119, 'Kohilagedara', '60028'),
	(1120, 'Konwewa', '60630'),
	(1121, 'Kosdeniya', '60356'),
	(1122, 'Kosgolla', '60029'),
	(1123, 'Kotagala', '22080'),
	(1124, 'Colombo 13', '01300'),
	(1125, 'Kotawehera', '60483'),
	(1126, 'Kudagalgamuwa', '60003'),
	(1127, 'Kudakatnoruwa', '60754'),
	(1128, 'Kuliyapitiya', '60200'),
	(1129, 'Kumaragama', '51412'),
	(1130, 'Kumbukgeta', '60508'),
	(1131, 'Kumbukwewa', '60506'),
	(1132, 'Kuratihena', '60438'),
	(1133, 'Kurunegala', '60000'),
	(1134, 'Ibbagamuwa', '60500'),
	(1135, 'Ihala Kadigamuwa', '60238'),
	(1136, 'Lihiriyagama', '61138'),
	(1137, 'Illagolla', '20724'),
	(1138, 'Ilukhena', '60232'),
	(1139, 'Lonahettiya', '60108'),
	(1140, 'Madahapola', '60552'),
	(1141, 'Madakumburumulla', '60209'),
	(1142, 'Madalagama', '70158'),
	(1143, 'Madawala Ulpotha', '21074'),
	(1144, 'Maduragoda', '60532'),
	(1145, 'Maeliya', '60512'),
	(1146, 'Magulagama', '60221'),
	(1147, 'Maha Ambagaswewa', '51518'),
	(1148, 'Mahagalkadawala', '60731'),
	(1149, 'Mahagirilla', '60479'),
	(1150, 'Mahamukalanyaya', '60516'),
	(1151, 'Mahananneriya', '60724'),
	(1152, 'Mahapallegama', '71063'),
	(1153, 'Maharachchimulla', '60286'),
	(1154, 'Mahatalakolawewa', '51506'),
	(1155, 'Mahawewa', '61220'),
	(1156, 'Maho', '60600'),
	(1157, 'Makulewa', '60714'),
	(1158, 'Makulpotha', '60514'),
	(1159, 'Makulwewa', '60578'),
	(1160, 'Malagane', '60404'),
	(1161, 'Mandapola', '60434'),
	(1162, 'Maspotha', '60344'),
	(1163, 'Mawathagama', '60060'),
	(1164, 'Medirigiriya', '51500'),
	(1165, 'Medivawa', '60612'),
	(1166, 'Meegalawa', '60750'),
	(1167, 'Meegaswewa', '51508'),
	(1168, 'Meewellawa', '60484'),
	(1169, 'Melsiripura', '60540'),
	(1170, 'Metikumbura', '60304'),
	(1171, 'Metiyagane', '60121'),
	(1172, 'Minhettiya', '60004'),
	(1173, 'Minuwangete', '60406'),
	(1174, 'Mirihanagama', '60408'),
	(1175, 'Monnekulama', '60495'),
	(1176, 'Moragane', '60354'),
	(1177, 'Moragollagama', '60640'),
	(1178, 'Morathiha', '60038'),
	(1179, 'Munamaldeniya', '60218'),
	(1180, 'Muruthenge', '60122'),
	(1181, 'Mutugala', '51064'),
	(1182, 'Nabadewa', '60482'),
	(1183, 'Nagollagama', '60590'),
	(1184, 'Nagollagoda', '60226'),
	(1185, 'Nakkawatta', '60186'),
	(1186, 'Narammala', '60100'),
	(1187, 'Nawasenapura', '51066'),
	(1188, 'Nawatalwatta', '60292'),
	(1189, 'Nelliya', '60549'),
	(1190, 'Nikaweratiya', '60470'),
	(1191, 'Nugagolla', '21534'),
	(1192, 'Nugawela', '20072'),
	(1193, 'Padeniya', '60461'),
	(1194, 'Padiwela', '60236'),
	(1195, 'Pahalagiribawa', '60735'),
	(1196, 'Pahamune', '60112'),
	(1197, 'Palagala', '50111'),
	(1198, 'Palapathwela', '21070'),
	(1199, 'Palaviya', '61280'),
	(1200, 'Pallewela', '11150'),
	(1201, 'Palukadawala', '60704'),
	(1202, 'Panadaragama', '60348'),
	(1203, 'Panagamuwa', '60052'),
	(1204, 'Panaliya', '60312'),
	(1205, 'Panapitiya', '70152'),
	(1206, 'Panliyadda', '60558'),
	(1207, 'Pansiyagama', '60554'),
	(1208, 'Parape', '71105'),
	(1209, 'Pathanewatta', '90071'),
	(1210, 'Pattiya Watta', '20118'),
	(1211, 'Perakanatta', '21532'),
	(1212, 'Periyakadneluwa', '60518'),
	(1213, 'Pihimbiya Ratmale', '60439'),
	(1214, 'Pihimbuwa', '60053'),
	(1215, 'Pilessa', '60058'),
	(1216, 'Polgahawela', '60300'),
	(1217, 'Polgolla', '20250'),
	(1218, 'Polpithigama', '60620'),
	(1219, 'Pothuhera', '60330'),
	(1220, 'Pothupitiya', '70338'),
	(1221, 'Pujapitiya', '20112'),
	(1222, 'Rakwana', '70300'),
	(1223, 'Ranorawa', '50212'),
	(1224, 'Rathukohodigala', '20818'),
	(1225, 'Ridibendiella', '60606'),
	(1226, 'Ridigama', '60040'),
	(1227, 'Saliya Asokapura', '60736'),
	(1228, 'Sandalankawa', '60176'),
	(1229, 'Sevanapitiya', '51062'),
	(1230, 'Sirambiadiya', '61312'),
	(1231, 'Sirisetagama', '60478'),
	(1232, 'Siyambalangamuwa', '60646'),
	(1233, 'Siyambalawewa', '32048'),
	(1234, 'Solepura', '60737'),
	(1235, 'Solewewa', '60738'),
	(1236, 'Sunandapura', '60436'),
	(1237, 'Talawattegedara', '60306'),
	(1238, 'Tambutta', '60734'),
	(1239, 'Tennepanguwa', '90072'),
	(1240, 'Thalahitimulla', '60208'),
	(1241, 'Thalakolawewa', '60624'),
	(1242, 'Thalwita', '60572'),
	(1243, 'Tharana Udawela', '60227'),
	(1244, 'Thimbiriyawa', '60476'),
	(1245, 'Tisogama', '60453'),
	(1246, 'Thorayaya', '60499'),
	(1247, 'Tulhiriya', '71610'),
	(1248, 'Tuntota', '71062'),
	(1249, 'Tuttiripitigama', '60426'),
	(1250, 'Udagaldeniya', '71113'),
	(1251, 'Udahingulwala', '20094'),
	(1252, 'Udawatta', '20722'),
	(1253, 'Udubaddawa', '60250'),
	(1254, 'Udumulla', '71521'),
	(1255, 'Uhumiya', '60094'),
	(1256, 'Ulpotha Pallekele', '60622'),
	(1257, 'Ulpothagama', '20965'),
	(1258, 'Usgala Siyabmalangamuwa', '60732'),
	(1259, 'Vijithapura', '50110'),
	(1260, 'Wadakada', '60318'),
	(1261, 'Wadumunnegedara', '60204'),
	(1262, 'Walakumburumulla', '60198'),
	(1263, 'Wannigama', '60465'),
	(1264, 'Wannikudawewa', '60721'),
	(1265, 'Wannilhalagama', '60722'),
	(1266, 'Wannirasnayakapura', '60490'),
	(1267, 'Warawewa', '60739'),
	(1268, 'Wariyapola', '60400'),
	(1269, 'Watareka', '10511'),
	(1270, 'Wattegama', '20810'),
	(1271, 'Watuwatta', '60262'),
	(1272, 'Weerapokuna', '60454'),
	(1273, 'Welawa Juncton', '60464'),
	(1274, 'Welipennagahamulla', '60240'),
	(1275, 'Wellagala', '60402'),
	(1276, 'Wellarawa', '60456'),
	(1277, 'Wellawa', '60570'),
	(1278, 'Welpalla', '60206'),
	(1279, 'Wennoruwa', '60284'),
	(1280, 'Weuda', '60080'),
	(1281, 'Wewagama', '60195'),
	(1282, 'Wilgamuwa', '21530'),
	(1283, 'Yakwila', '60202'),
	(1284, 'Yatigaloluwa', '60314'),
	(1285, 'Mannar', '41000'),
	(1286, 'Puthukudiyiruppu', '30158'),
	(1287, 'Akuramboda', '21142'),
	(1288, 'Alawatuwala', '60047'),
	(1289, 'Alwatta', '21004'),
	(1290, 'Ambana', '21504'),
	(1291, 'Aralaganwila', '51100'),
	(1292, 'Ataragallewa', '21512'),
	(1293, 'Bambaragaswewa', '21212'),
	(1294, 'Barawardhana Oya', '20967'),
	(1295, 'Beligamuwa', '21214'),
	(1296, 'Damana', '32014'),
	(1297, 'Dambulla', '21100'),
	(1298, 'Damminna', '51106'),
	(1299, 'Dankanda', '21032'),
	(1300, 'Delwite', '60044'),
	(1301, 'Devagiriya', '21552'),
	(1302, 'Dewahuwa', '21206'),
	(1303, 'Divuldamana', '51104'),
	(1304, 'Dullewa', '21054'),
	(1305, 'Dunkolawatta', '21046'),
	(1306, 'Elkaduwa', '21012'),
	(1307, 'Erawula Junction', '21108'),
	(1308, 'Etanawala', '21402'),
	(1309, 'Galewela', '21200'),
	(1310, 'Galoya Junction', '51375'),
	(1311, 'Gammaduwa', '21068'),
	(1312, 'Gangala Puwakpitiya', '21404'),
	(1313, 'Hasalaka', '20960'),
	(1314, 'Hattota Amuna', '21514'),
	(1315, 'Imbulgolla', '21064'),
	(1316, 'Inamaluwa', '21124'),
	(1317, 'Iriyagolla', '60045'),
	(1318, 'Kaikawala', '21066'),
	(1319, 'Kalundawa', '21112'),
	(1320, 'Kandalama', '21106'),
	(1321, 'Kavudupelella', '21072'),
	(1322, 'Kibissa', '21122'),
	(1323, 'Kiwula', '21042'),
	(1324, 'Kongahawela', '21500'),
	(1325, 'Laggala Pallegama', '21520'),
	(1326, 'Leliambe', '21008'),
	(1327, 'Lenadora', '21094'),
	(1328, 'Ihala Halmillewa', '50262'),
	(1329, 'Illukkumbura', '21406'),
	(1330, 'Madipola', '51108'),
	(1332, 'Mahawela', '21140'),
	(1333, 'Mananwatta', '21144'),
	(1334, 'Maraka', '21554'),
	(1335, 'Matale', '21000'),
	(1336, 'Melipitiya', '21055'),
	(1337, 'Metihakka', '21062'),
	(1338, 'Millawana', '21154'),
	(1339, 'Muwandeniya', '21044'),
	(1340, 'Nalanda', '21082'),
	(1341, 'Naula', '21090'),
	(1342, 'Opalgala', '21076'),
	(1343, 'Pallepola', '21152'),
	(1344, 'Pimburattewa', '51102'),
	(1345, 'Pulastigama', '51050'),
	(1346, 'Ranamuregama', '21524'),
	(1347, 'Rattota', '21400'),
	(1348, 'Selagama', '21058'),
	(1349, 'Sigiriya', '21120'),
	(1350, 'Sinhagama', '51378'),
	(1351, 'Sungavila', '51052'),
	(1352, 'Talagoda Junction', '21506'),
	(1353, 'Talakiriyagama', '21116'),
	(1354, 'Tamankaduwa', '51089'),
	(1355, 'Udasgiriya', '21051'),
	(1356, 'Udatenna', '21006'),
	(1357, 'Ukuwela', '21300'),
	(1358, 'Wahacotte', '21160'),
	(1359, 'Walawela', '21048'),
	(1360, 'Wehigala', '21009'),
	(1361, 'Welangahawatte', '21408'),
	(1362, 'Wewalawewa', '21114'),
	(1363, 'Yatawatta', '21056'),
	(1364, 'Akuressa', '81400'),
	(1365, 'Alapaladeniya', '81475'),
	(1366, 'Aparekka', '81032'),
	(1367, 'Athuraliya', '81402'),
	(1368, 'Bengamuwa', '81614'),
	(1369, 'Bopagoda', '81412'),
	(1370, 'Dampahala', '81612'),
	(1371, 'Deegala Lenama', '81452'),
	(1372, 'Deiyandara', '81320'),
	(1373, 'Denagama', '81314'),
	(1374, 'Denipitiya', '81730'),
	(1375, 'Deniyaya', '81500'),
	(1376, 'Derangala', '81454'),
	(1377, 'Devinuwara (Dondra)', '81160'),
	(1378, 'Dikwella', '81200'),
	(1379, 'Diyagaha', '81038'),
	(1380, 'Diyalape', '81422'),
	(1381, 'Gandara', '81170'),
	(1382, 'Godapitiya', '81408'),
	(1383, 'Gomilamawarala', '81072'),
	(1384, 'Hawpe', '80132'),
	(1385, 'Horapawita', '81108'),
	(1386, 'Kalubowitiyana', '81478'),
	(1387, 'Kamburugamuwa', '81750'),
	(1388, 'Kamburupitiya', '81100'),
	(1389, 'Karagoda Uyangoda', '81082'),
	(1390, 'Karaputugala', '81106'),
	(1391, 'Karatota', '81318'),
	(1392, 'Kekanadura', '81020'),
	(1393, 'Kiriweldola', '81514'),
	(1394, 'Kiriwelkele', '81456'),
	(1395, 'Kolawenigama', '81522'),
	(1396, 'Kotapola', '81480'),
	(1397, 'Lankagama', '81526'),
	(1398, 'Makandura', '81070'),
	(1399, 'Maliduwa', '81424'),
	(1400, 'Maramba', '81416'),
	(1401, 'Matara', '81000'),
	(1402, 'Mediripitiya', '81524'),
	(1403, 'Miella', '81312'),
	(1404, 'Mirissa', '81740'),
	(1405, 'Morawaka', '81470'),
	(1406, 'Mulatiyana Junction', '81071'),
	(1407, 'Nadugala', '81092'),
	(1408, 'Naimana', '81017'),
	(1409, 'Palatuwa', '81050'),
	(1410, 'Parapamulla', '81322'),
	(1411, 'Pasgoda', '81615'),
	(1412, 'Penetiyana', '81722'),
	(1413, 'Pitabeddara', '81450'),
	(1414, 'Puhulwella', '81290'),
	(1415, 'Radawela', '81316'),
	(1416, 'Ransegoda', '81064'),
	(1417, 'Rotumba', '81074'),
	(1418, 'Sultanagoda', '81051'),
	(1419, 'Telijjawila', '81060'),
	(1420, 'Thihagoda', '81280'),
	(1421, 'Urubokka', '81600'),
	(1422, 'Urugamuwa', '81230'),
	(1423, 'Urumutta', '81414'),
	(1424, 'Viharahena', '81508'),
	(1425, 'Walakanda', '81294'),
	(1426, 'Walasgala', '81220'),
	(1427, 'Waralla', '81479'),
	(1428, 'Weligama', '81700'),
	(1429, 'Wilpita', '81404'),
	(1430, 'Yatiyana', '81034'),
	(1431, 'Ayiwela', '91516'),
	(1432, 'Badalkumbura', '91070'),
	(1433, 'Baduluwela', '91058'),
	(1434, 'Bakinigahawela', '91554'),
	(1435, 'Balaharuwa', '91295'),
	(1436, 'Bibile', '91500'),
	(1437, 'Buddama', '91038'),
	(1438, 'Buttala', '91100'),
	(1439, 'Dambagalla', '91050'),
	(1440, 'Diyakobala', '91514'),
	(1441, 'Dombagahawela', '91010'),
	(1442, 'Ethimalewewa', '91020'),
	(1443, 'Ettiliwewa', '91250'),
	(1444, 'Galabedda', '91008'),
	(1445, 'Gamewela', '90512'),
	(1446, 'Hambegamuwa', '91308'),
	(1447, 'Hingurukaduwa', '90508'),
	(1448, 'Hulandawa', '91004'),
	(1449, 'Inginiyagala', '91040'),
	(1450, 'Kandaudapanguwa', '91032'),
	(1451, 'Kandawinna', '91552'),
	(1452, 'Kataragama', '91400'),
	(1453, 'Kotagama', '91512'),
	(1454, 'Kotamuduna', '90506'),
	(1455, 'Kotawehera Mankada', '91312'),
	(1456, 'Kudawewa', '61226'),
	(1457, 'Kumbukkana', '91098'),
	(1458, 'Marawa', '91006'),
	(1459, 'Mariarawa', '91052'),
	(1460, 'Medagana', '91550'),
	(1461, 'Medawelagama', '90518'),
	(1462, 'Miyanakandura', '90584'),
	(1463, 'Monaragala', '91000'),
	(1464, 'Moretuwegama', '91108'),
	(1465, 'Nakkala', '91003'),
	(1466, 'Namunukula', '90580'),
	(1467, 'Nannapurawa', '91519'),
	(1468, 'Nelliyadda', '91042'),
	(1469, 'Nilgala', '91508'),
	(1470, 'Obbegoda', '91007'),
	(1471, 'Okkampitiya', '91060'),
	(1472, 'Pangura', '91002'),
	(1473, 'Pitakumbura', '91505'),
	(1474, 'Randeniya', '91204'),
	(1475, 'Ruwalwela', '91056'),
	(1476, 'Sella Kataragama', '91405'),
	(1477, 'Siyambalagune', '91202'),
	(1478, 'Siyambalanduwa', '91030'),
	(1479, 'Suriara', '91306'),
	(1480, 'Thanamalwila', '91300'),
	(1481, 'Uva Gangodagama', '91054'),
	(1482, 'Uva Kudaoya', '91298'),
	(1483, 'Uva Pelwatta', '91112'),
	(1484, 'Warunagama', '91198'),
	(1485, 'Wedikumbura', '91005'),
	(1486, 'Weherayaya Handapanagala', '91206'),
	(1487, 'Wellawaya', '91200'),
	(1488, 'Wilaoya', '91022'),
	(1489, 'Yudaganawa', '51424'),
	(1490, 'Mullativu', '42000'),
	(1491, 'Agarapathana', '22094'),
	(1492, 'Ambatalawa', '20686'),
	(1493, 'Ambewela', '22216'),
	(1494, 'Bogawantalawa', '22060'),
	(1495, 'Bopattalawa', '22095'),
	(1496, 'Dagampitiya', '20684'),
	(1497, 'Dayagama Bazaar', '22096'),
	(1498, 'Dikoya', '22050'),
	(1499, 'Doragala', '20567'),
	(1500, 'Dunukedeniya', '22002'),
	(1501, 'Egodawela', '90013'),
	(1502, 'Ekiriya', '20732'),
	(1503, 'Elamulla', '20742'),
	(1504, 'Ginigathena', '20680'),
	(1505, 'Gonakele', '22226'),
	(1506, 'Haggala', '22208'),
	(1507, 'Halgranoya', '22240'),
	(1508, 'Hangarapitiya', '22044'),
	(1509, 'Hapugasthalawa', '20668'),
	(1510, 'Harasbedda', '22262'),
	(1511, 'Hatton', '22000'),
	(1512, 'Hewaheta', '20440'),
	(1513, 'Hitigegama', '22046'),
	(1514, 'Jangulla', '90063'),
	(1515, 'Kalaganwatta', '22282'),
	(1516, 'Kandapola', '22220'),
	(1517, 'Karandagolla', '20738'),
	(1518, 'Keerthi Bandarapura', '22274'),
	(1519, 'Kiribathkumbura', '20442'),
	(1520, 'Kotiyagala', '91024'),
	(1521, 'Kotmale', '20560'),
	(1522, 'Kottellena', '22040'),
	(1523, 'Kumbalgamuwa', '22272'),
	(1524, 'Kumbukwela', '22246'),
	(1525, 'Kurupanawela', '22252'),
	(1526, 'Labukele', '20592'),
	(1527, 'Laxapana', '22034'),
	(1528, 'Lindula', '22090'),
	(1529, 'Madulla', '22256'),
	(1530, 'Mandaram Nuwara', '20744'),
	(1531, 'Maskeliya', '22070'),
	(1532, 'Maswela', '20566'),
	(1533, 'Maturata', '20748'),
	(1534, 'Mipanawa', '22254'),
	(1535, 'Mipilimana', '22214'),
	(1536, 'Morahenagama', '22036'),
	(1537, 'Munwatta', '20752'),
	(1538, 'Nayapana Janapadaya', '20568'),
	(1539, 'Nildandahinna', '22280'),
	(1540, 'Nissanka Uyana', '22075'),
	(1541, 'Norwood', '22058'),
	(1542, 'Nuwara Eliya', '22200'),
	(1543, 'Padiyapelella', '20750'),
	(1544, 'Pallebowala', '20734'),
	(1545, 'Panvila', '20830'),
	(1546, 'Pitawala', '20682'),
	(1547, 'Pundaluoya', '22120'),
	(1548, 'Ramboda', '20590'),
	(1549, 'Rikillagaskada', '20730'),
	(1550, 'Rozella', '22008'),
	(1551, 'Rupaha', '22245'),
	(1552, 'Ruwaneliya', '22212'),
	(1553, 'Santhipura', '22202'),
	(1554, 'Talawakele', '22100'),
	(1555, 'Tawalantenna', '20838'),
	(1556, 'Teripeha', '22287'),
	(1557, 'Udamadura', '22285'),
	(1558, 'Udapussallawa', '22250'),
	(1559, 'Uva Deegalla', '90062'),
	(1560, 'Uva Uduwara', '90061'),
	(1561, 'Uvaparanagama', '90230'),
	(1562, 'Walapane', '22270'),
	(1563, 'Watawala', '22010'),
	(1564, 'Widulipura', '22032'),
	(1565, 'Wijebahukanda', '22018'),
	(1566, 'Attanakadawala', '51235'),
	(1567, 'Bakamuna', '51250'),
	(1568, 'Diyabeduma', '51225'),
	(1569, 'Elahera', '51258'),
	(1570, 'Giritale', '51026'),
	(1571, 'Hingurakdamana', '51408'),
	(1572, 'Hingurakgoda', '51400'),
	(1573, 'Jayanthipura', '51024'),
	(1574, 'Kalingaela', '51002'),
	(1575, 'Lakshauyana', '51006'),
	(1576, 'Mankemi', '30442'),
	(1577, 'Minneriya', '51410'),
	(1578, 'Onegama', '51004'),
	(1579, 'Orubendi Siyambalawa', '51256'),
	(1580, 'Palugasdamana', '51046'),
	(1581, 'Panichankemi', '30444'),
	(1582, 'Polonnaruwa', '51000'),
	(1583, 'Talpotha', '51044'),
	(1584, 'Tambala', '51049'),
	(1585, 'Unagalavehera', '51008'),
	(1586, 'Wijayabapura', '51042'),
	(1587, 'Adippala', '61012'),
	(1588, 'Alutgama', '12080'),
	(1589, 'Alutwewa', '51014'),
	(1590, 'Ambakandawila', '61024'),
	(1591, 'Anamaduwa', '61500'),
	(1592, 'Andigama', '61508'),
	(1593, 'Angunawila', '61264'),
	(1594, 'Attawilluwa', '61328'),
	(1595, 'Bangadeniya', '61238'),
	(1596, 'Baranankattuwa', '61262'),
	(1597, 'Battuluoya', '61246'),
	(1598, 'Bujjampola', '61136'),
	(1599, 'Chilaw', '61000'),
	(1600, 'Dalukana', '51092'),
	(1601, 'Dankotuwa', '61130'),
	(1602, 'Dewagala', '51094'),
	(1603, 'Dummalasuriya', '60260'),
	(1604, 'Dunkannawa', '61192'),
	(1605, 'Eluwankulama', '61308'),
	(1606, 'Ettale', '61343'),
	(1607, 'Galamuna', '51416'),
	(1608, 'Galmuruwa', '61233'),
	(1609, 'Hansayapalama', '51098'),
	(1610, 'Ihala Kottaramulla', '61154'),
	(1611, 'Ilippadeniya', '61018'),
	(1612, 'Inginimitiya', '61514'),
	(1613, 'Ismailpuram', '61302'),
	(1614, 'Jayasiripura', '51246'),
	(1615, 'Kakkapalliya', '61236'),
	(1616, 'Kalkudah', '30410'),
	(1617, 'Kalladiya', '61534'),
	(1618, 'Kandakuliya', '61358'),
	(1619, 'Karathivu', '61307'),
	(1620, 'Karawitagara', '61022'),
	(1621, 'Karuwalagaswewa', '61314'),
	(1622, 'Katuneriya', '61180'),
	(1623, 'Koswatta', '61158'),
	(1624, 'Kottantivu', '61252'),
	(1625, 'Kottapitiya', '51244'),
	(1626, 'Kottukachchiya', '61532'),
	(1627, 'Kumarakattuwa', '61032'),
	(1628, 'Kurinjanpitiya', '61356'),
	(1629, 'Kuruketiyawa', '61516'),
	(1630, 'Lunuwila', '61150'),
	(1631, 'Madampe', '61230'),
	(1632, 'Madurankuliya', '61270'),
	(1633, 'Mahakumbukkadawala', '61272'),
	(1634, 'Mahauswewa', '61512'),
	(1635, 'Mampitiya', '51090'),
	(1636, 'Mampuri', '61341'),
	(1637, 'Mangalaeliya', '61266'),
	(1638, 'Marawila', '61210'),
	(1639, 'Mudalakkuliya', '61506'),
	(1640, 'Mugunuwatawana', '61014'),
	(1641, 'Mukkutoduwawa', '61274'),
	(1642, 'Mundel', '61250'),
	(1643, 'Muttibendiwila', '61195'),
	(1644, 'Nainamadama', '61120'),
	(1645, 'Nalladarankattuwa', '61244'),
	(1646, 'Nattandiya', '61190'),
	(1647, 'Nawagattegama', '61520'),
	(1648, 'Nelumwewa', '51096'),
	(1649, 'Norachcholai', '61342'),
	(1650, 'Pallama', '61040'),
	(1651, 'Palliwasalturai', '61354'),
	(1652, 'Panirendawa', '61234'),
	(1653, 'Parakramasamudraya', '51016'),
	(1654, 'Pothuwatawana', '61162'),
	(1655, 'Puttalam', '61300'),
	(1656, 'Puttalam Cement Factory', '61326'),
	(1657, 'Rajakadaluwa', '61242'),
	(1658, 'Saliyawewa Junction', '61324'),
	(1659, 'Serukele', '61042'),
	(1660, 'Siyambalagashene', '61504'),
	(1661, 'Tabbowa', '61322'),
	(1662, 'Talawila Church', '61344'),
	(1663, 'Toduwawa', '61224'),
	(1664, 'Udappuwa', '61004'),
	(1665, 'Uridyawa', '61502'),
	(1666, 'Vanathawilluwa', '61306'),
	(1667, 'Waikkal', '61110'),
	(1668, 'Watugahamulla', '61198'),
	(1669, 'Wennappuwa', '61170'),
	(1670, 'Wijeyakatupotha', '61006'),
	(1671, 'Wilpotha', '61008'),
	(1672, 'Yodaela', '51422'),
	(1673, 'Yogiyana', '61144'),
	(1674, 'Akarella', '70082'),
	(1675, 'Amunumulla', '90204'),
	(1676, 'Atakalanpanna', '70294'),
	(1677, 'Ayagama', '70024'),
	(1678, 'Balangoda', '70100'),
	(1679, 'Batatota', '70504'),
	(1680, 'Beralapanathara', '81541'),
	(1681, 'Bogahakumbura', '90354'),
	(1682, 'Bolthumbe', '70131'),
	(1683, 'Bomluwageaina', '70344'),
	(1684, 'Bowalagama', '82458'),
	(1685, 'Bulutota', '70346'),
	(1686, 'Dambuluwana', '70019'),
	(1687, 'Daugala', '70455'),
	(1688, 'Dela', '70042'),
	(1689, 'Delwala', '70046'),
	(1690, 'Dodampe', '70017'),
	(1691, 'Doloswalakanda', '70404'),
	(1692, 'Dumbara Manana', '70495'),
	(1693, 'Eheliyagoda', '70600'),
	(1694, 'Ekamutugama', '70254'),
	(1695, 'Elapatha', '70032'),
	(1696, 'Ellagawa', '70492'),
	(1697, 'Ellaulla', '70552'),
	(1698, 'Ellawala', '70606'),
	(1699, 'Embilipitiya', '70200'),
	(1700, 'Eratna', '70506'),
	(1701, 'Erepola', '70602'),
	(1702, 'Gabbela', '70156'),
	(1703, 'Gangeyaya', '70195'),
	(1704, 'Gawaragiriya', '70026'),
	(1705, 'Gillimale', '70002'),
	(1706, 'Godakawela', '70160'),
	(1707, 'Gurubewilagama', '70136'),
	(1708, 'Halwinna', '70171'),
	(1709, 'Handagiriya', '70106'),
	(1710, 'Hatangala', '70105'),
	(1711, 'Hatarabage', '70108'),
	(1712, 'Hewanakumbura', '90358'),
	(1713, 'Hidellana', '70012'),
	(1714, 'Hiramadagama', '70296'),
	(1715, 'Horewelagoda', '82456'),
	(1716, 'Ittakanda', '70342'),
	(1717, 'Kahangama', '70016'),
	(1718, 'Kahawatta', '70150'),
	(1719, 'Kalawana', '70450'),
	(1720, 'Kaltota', '70122'),
	(1721, 'Kalubululanda', '90352'),
	(1722, 'Kananke Bazaar', '80136'),
	(1723, 'Kandepuhulpola', '90356'),
	(1724, 'Karandana', '70488'),
	(1725, 'Karangoda', '70018'),
	(1726, 'Kella Junction', '70352'),
	(1727, 'Keppetipola', '90350'),
	(1728, 'Kiriella', '70480'),
	(1729, 'Kiriibbanwewa', '70252'),
	(1730, 'Kolambage Ara', '70180'),
	(1731, 'Kolombugama', '70403'),
	(1732, 'Kolonna', '70350'),
	(1733, 'Kudawa', '70005'),
	(1734, 'Kuruwita', '70500'),
	(1735, 'Lellopitiya', '70056'),
	(1736, 'Imaduwa', '80130'),
	(1737, 'Imbulpe', '70134'),
	(1738, 'Mahagama Colony', '70256'),
	(1739, 'Mahawalatenna', '70112'),
	(1740, 'Makandura', '70298'),
	(1741, 'Malwala Junction', '70001'),
	(1742, 'Malwatta', '32198'),
	(1743, 'Matuwagalagama', '70482'),
	(1744, 'Medagalature', '70021'),
	(1745, 'Meddekanda', '70127'),
	(1746, 'Minipura Dumbara', '70494'),
	(1747, 'Mitipola', '70604'),
	(1748, 'Moragala Kirillapone', '81532'),
	(1749, 'Morahela', '70129'),
	(1750, 'Mulendiyawala', '70212'),
	(1751, 'Mulgama', '70117'),
	(1752, 'Nawalakanda', '70469'),
	(1753, 'Nawinnapinnakanda', '70165'),
	(1754, 'Niralagama', '70038'),
	(1755, 'Nivitigala', '70400'),
	(1756, 'Omalpe', '70215'),
	(1757, 'Opanayaka', '70080'),
	(1758, 'Padalangala', '70230'),
	(1759, 'Pallebedda', '70170'),
	(1760, 'Pallekanda', '82454'),
	(1761, 'Pambagolla', '70133'),
	(1762, 'Panamura', '70218'),
	(1763, 'Panapola', '70461'),
	(1764, 'Paragala', '81474'),
	(1765, 'Parakaduwa', '70550'),
	(1766, 'Pebotuwa', '70045'),
	(1767, 'Pelmadulla', '70070'),
	(1768, 'Pinnawala', '70130'),
	(1769, 'Pothdeniya', '81538'),
	(1770, 'Rajawaka', '70116'),
	(1771, 'Ranwala', '70162'),
	(1772, 'Rassagala', '70135'),
	(1773, 'Rathgama', '80260'),
	(1774, 'Ratna Hangamuwa', '70036'),
	(1775, 'Ratnapura', '70000'),
	(1776, 'Sewanagala', '70250'),
	(1777, 'Sri Palabaddala', '70004'),
	(1778, 'Sudagala', '70502'),
	(1779, 'Thalakolahinna', '70101'),
	(1780, 'Thanjantenna', '70118'),
	(1781, 'Theppanawa', '70512'),
	(1782, 'Thunkama', '70205'),
	(1783, 'Udakarawita', '70044'),
	(1784, 'Udaniriella', '70034'),
	(1785, 'Udawalawe', '70190'),
	(1786, 'Ullinduwawa', '70345'),
	(1787, 'Veddagala', '70459'),
	(1788, 'Vijeriya', '70348'),
	(1789, 'Waleboda', '70138'),
	(1790, 'Watapotha', '70408'),
	(1791, 'Waturawa', '70456'),
	(1792, 'Weligepola', '70104'),
	(1793, 'Welipathayaya', '70124'),
	(1794, 'Wikiliya', '70114'),
	(1795, 'Agbopura', '31304'),
	(1796, 'Buckmigama', '31028'),
	(1797, 'China Bay', '31050'),
	(1798, 'Dehiwatte', '31226'),
	(1799, 'Echchilampattai', '31236'),
	(1800, 'Galmetiyawa', '31318'),
	(1801, 'Gomarankadawala', '31026'),
	(1802, 'Kaddaiparichchan', '31212'),
	(1803, 'Kallar', '30250'),
	(1804, 'Kanniya', '31032'),
	(1805, 'Kantalai', '31300'),
	(1806, 'Kantalai Sugar Factory', '31306'),
	(1807, 'Kiliveddy', '31220'),
	(1808, 'Kinniya', '31100'),
	(1809, 'Kuchchaveli', '31014'),
	(1810, 'Kumburupiddy', '31012'),
	(1811, 'Kurinchakerny', '31112'),
	(1812, 'Lankapatuna', '31234'),
	(1813, 'Mahadivulwewa', '31036'),
	(1814, 'Maharugiramam', '31106'),
	(1815, 'Mallikativu', '31224'),
	(1816, 'Mawadichenai', '31238'),
	(1817, 'Mullipothana', '31312'),
	(1818, 'Mutur', '31200'),
	(1819, 'Neelapola', '31228'),
	(1820, 'Nilaveli', '31010'),
	(1821, 'Pankulam', '31034'),
	(1822, 'Pulmoddai', '50567'),
	(1823, 'Rottawewa', '31038'),
	(1824, 'Sampaltivu', '31006'),
	(1825, 'Sampoor', '31216'),
	(1826, 'Serunuwara', '31232'),
	(1827, 'Seruwila', '31260'),
	(1828, 'Sirajnagar', '31314'),
	(1829, 'Somapura', '31222'),
	(1830, 'Tampalakamam', '31046'),
	(1831, 'Thuraineelavanai', '30254'),
	(1832, 'Tiriyayi', '31016'),
	(1833, 'Toppur', '31250'),
	(1834, 'Trincomalee', '31000'),
	(1835, 'Wanela', '31308'),
	(1836, 'Vavuniya', '43000'),
	(1837, 'Colombo 1', '00100'),
	(1838, 'Colombo 3', '00300'),
	(1839, 'Colombo 4', '00400'),
	(1840, 'Colombo 5', '00500'),
	(1841, 'Colombo 7', '00700'),
	(1842, 'Colombo 9', '00900'),
	(1843, 'Colombo 10', '01000'),
	(1844, 'Colombo 11', '01100'),
	(1845, 'Colombo 12', '01200'),
	(1846, 'Colombo 14', '01400'),
	(1847, 'Colombo Secretariant', '00110'),
	(1848, 'Melle Street', '00276'),
	(1849, 'Rifel Street', '00279'),
	(1850, 'Gem & Jewelry', '00370'),
	(1851, 'Torington Square', '00376'),
	(1852, 'National Museum of Colombo', '00377'),
	(1853, 'Colombo Labour Sec', '00510'),
	(1854, 'Polhengoda', '00576'),
	(1855, 'Anderson Plats', '00577'),
	(1856, 'Keppetipola Mawatha', '00579'),
	(1857, 'Narahenpita', '00582'),
	(1858, 'Kirulapana', '00677'),
	(1859, 'University of Colombo', '00710'),
	(1860, 'Colombo General Hospital', '00779'),
	(1861, 'Gothami Road', '00876'),
	(1862, 'Wanathamulla', '00877'),
	(1863, 'Baseline Road', '00878'),
	(1864, 'Kopiyawatta', '00879'),
	(1865, 'Maligawatta', '01070'),
	(1866, 'Panchikawatte', '01078'),
	(1867, 'Sarasavipaya', '01079'),
	(1868, 'Maligakanda', '01081'),
	(1869, 'Wolfendal Street', '01178'),
	(1870, 'Pettah Bus Stand', '01179'),
	(1871, 'Colombo Kachcheri', '01181'),
	(1872, 'Armour Street', '01182'),
	(1873, 'St. Anthony\'s', '01183'),
	(1874, 'Miraniya Street', '01276'),
	(1875, 'Wasala Road', '01377'),
	(1876, 'Nagalagam Street', '01476'),
	(1877, 'Aluth Mawatha Road', '01478'),
	(1878, 'Mutwal South', '01479'),
	(1879, 'Beddagana', '10101'),
	(1880, 'Madiwela', '10102'),
	(1881, 'Sri Perakumpura', '10103'),
	(1882, 'Mirihana North', '10104'),
	(1883, 'Nawala-Koswatte', '10105'),
	(1884, 'Nawala', '10106'),
	(1885, 'Rajagiriya', '10107'),
	(1886, 'Parliament of Sri Lanka', '10110'),
	(1887, 'Obeysekarapura', '10111'),
	(1888, 'Kalapaluwawa', '10112'),
	(1889, 'Talangama North', '10113'),
	(1890, 'Talangama South', '10114'),
	(1891, 'Jayawardhenegama', '10117'),
	(1892, 'Isurupaya', '10130'),
	(1893, 'Sethsiripaya', '10140'),
	(1894, 'Malabe', '10155'),
	(1895, 'Oruwala', '10201'),
	(1896, 'Panagoda Army Camp', '10203'),
	(1897, 'Magammana-Dolekade', '10207'),
	(1898, 'Homagama Town', '10209'),
	(1899, 'Godagama Junction', '10211'),
	(1900, 'Panagoda', '10213'),
	(1901, 'Galawilawaththa', '10217'),
	(1902, 'Kottawa', '10220'),
	(1903, 'Pelenwatta', '10231'),
	(1904, 'Arawwala West', '10233'),
	(1905, 'Kottawa North', '10235'),
	(1906, 'Rukmale-Pannipitiya', '10237'),
	(1907, 'Malapalla', '10239'),
	(1908, 'Mattegoda', '10240'),
	(1909, 'Mirihana', '10251'),
	(1910, 'Udahamulla', '10252'),
	(1911, 'Kohuwala', '10255'),
	(1912, 'Pamunuwa-Patiragoda', '10281'),
	(1913, 'Sudanapura', '10282'),
	(1914, 'Nawinna', '10283'),
	(1915, 'Vidyodaya University', '10284'),
	(1916, 'Pepiliyana', '10291'),
	(1917, 'Katuwawala', '10292'),
	(1918, 'Suwarapola', '10301'),
	(1919, 'Gorakapitiya', '10303'),
	(1920, 'Makandana', '10305'),
	(1921, 'Kesbewa', '10307'),
	(1922, 'Bokundara', '10309'),
	(1923, 'Kahathuduwa', '10321'),
	(1924, 'Ratmalana North', '10372'),
	(1925, 'Sirimal Uyana', '10373'),
	(1926, 'Ratmalana', '10390'),
	(1927, 'Koralawella', '10401'),
	(1928, 'Egodauyana North', '10402'),
	(1929, 'Egodauyana South', '10403'),
	(1930, 'Indibedda', '10404'),
	(1931, 'Moratumulla', '10405'),
	(1932, 'Rawathawatta', '10406'),
	(1933, 'Willorawatta', '10407'),
	(1934, 'Lunawa', '10408'),
	(1935, 'Laksapatiya', '10409'),
	(1936, 'Angulana', '10411'),
	(1937, 'Kaldemulla', '10413'),
	(1938, 'Katubedda', '10414'),
	(1939, 'Liyanwala', '10501'),
	(1940, 'Poregedara', '10503'),
	(1941, 'Dampe', '10505'),
	(1942, 'Malagala', '10507'),
	(1943, 'Meepe Junction', '10509'),
	(1944, 'Pinnawala-Waga', '10515'),
	(1945, 'Angampitiya', '10517'),
	(1946, 'Arukwathupura', '10519'),
	(1947, 'Kandanapitiya', '10523'),
	(1948, 'Gurulana', '10527'),
	(1949, 'Udugamkanda', '10529'),
	(1951, 'Wattala', '11300'),
	(1952, 'Bulnewa', '50172'),
	(1953, 'Kebithigollewa', '50550'),
	(1974, 'Madipola', '21156'),
	(1975, 'Karatota', '81308'),
	(1976, 'Gangulandeniya', '82506'),
	(1977, 'Idalgashinna', '90167'),
	(1978, 'Allaipiddi', '40048'),
	(1979, 'Allaveddi', '40120'),
	(1980, 'Alvai', '40635'),
	(1981, 'Anaikoddai', '40198'),
	(1982, 'Analaitivu', '40280'),
	(1983, 'Araly', '40221'),
	(1984, 'Atchuveli', '40150'),
	(1985, 'Chankanai', '40212'),
	(1986, 'Chavakachcheri', '40500'),
	(1987, 'Chullipuram', '40230'),
	(1988, 'Chundikuli', '40020'),
	(1989, 'Chunnakam', '40075'),
	(1990, 'Delft West', '40378'),
	(1991, 'Delft', '40370'),
	(1992, 'Eluvaitivu', '40275'),
	(1993, 'Erialai', '40080'),
	(1994, 'Ilavalai', '40108'),
	(1995, 'Kankesanthurai', '40190'),
	(1996, 'Karainagar', '40250'),
	(1997, 'Karaveddi', '40520'),
	(1998, 'Kayts', '40270'),
	(1999, 'Kodikamam', '40700'),
	(2000, 'Kokuvil', '40060'),
	(2001, 'Kondavil', '40062'),
	(2002, 'Kopay', '40170'),
	(2003, 'Kudatanai', '40620'),
	(2004, 'Mallakam', '40142'),
	(2005, 'Mandaitivu', '40045'),
	(2006, 'Manipay', '40200'),
	(2007, 'Mathagal', '40110'),
	(2008, 'Meesalai', '40510'),
	(2009, 'Mahiyampathy', NULL),
	(2010, 'Mirusuvil', '40750'),
	(2011, 'Nagarkovil', '40630'),
	(2012, 'Nagendramadam', '40223'),
	(2013, 'Nainathivu', '40360'),
	(2014, 'Neervely', '40165'),
	(2015, 'Pandaterippu', '40100'),
	(2016, 'Point Pedro', '40600'),
	(2017, 'Puloly', '40615'),
	(2018, 'Pungudutivu', '40330'),
	(2019, 'Puttur', '40158'),
	(2020, 'Sandilipay', '40098'),
	(2021, 'Sangarathai', '40225'),
	(2022, 'Sithankerny', '40229'),
	(2023, 'Sivankovilady', '40227'),
	(2024, 'Thellippallai', '40130'),
	(2025, 'Thondamanaru', '40545'),
	(2026, 'Urumpirai', '40180'),
	(2027, 'Vaddukoddai', '40220'),
	(2028, 'Valvettithurai', '40540'),
	(2029, 'Varany', '40640'),
	(2030, 'Vasavilan', '40145'),
	(2031, 'Velanai', '40300'),
	(2032, 'Gurunagar', NULL),
	(2033, 'Kaitadi', NULL),
	(2034, 'Nallur', NULL),
	(2035, 'Thirunelvely', NULL),
	(2036, 'Vannarponnai', NULL),
	(2037, 'Akkarayankulam', '42640'),
	(2038, 'Aliyawalai', '42565'),
	(2039, 'Chempiyanpattu', '42560'),
	(2040, 'Elephant Pass', '42510'),
	(2041, 'Eluthumadduval', '42580'),
	(2042, 'Iranaitiv', '42630'),
	(2043, 'Iyyakachchi', '42520'),
	(2044, 'Kavutharimunai', '42608'),
	(2045, 'Konavil', '42645'),
	(2046, 'Mulliyan', '42570'),
	(2047, 'Murasumoddai', '42505'),
	(2048, 'Pallavarayankaddu', '42615'),
	(2049, 'Paranthan', '42500'),
	(2050, 'Puliyampokkanai', '42509'),
	(2051, 'Punakari-Nallur', '42606'),
	(2052, 'Ramanathapuram', '42408'),
	(2053, 'Sivapuram', '42618'),
	(2054, 'Skanthapuram', '42638'),
	(2055, 'Thalaiyadi', '42563'),
	(2056, 'Tharmapuram', '42512'),
	(2057, 'Uruthirapuram', '42502'),
	(2058, 'Vaddakachchi', '42405'),
	(2059, 'Vannerikkulam', '42635'),
	(2060, 'Veravil', '42620'),
	(2061, 'Vinayagapuram', '42625'),
	(2063, 'Ambalnagar', NULL),
	(2064, 'Cheddiyakurichchi', NULL),
	(2065, 'Chundikulam', NULL),
	(2066, 'Kalmadunagar', NULL),
	(2067, 'Karadipokku', NULL),
	(2068, 'Kilay', NULL),
	(2069, 'Kunchuparanthan', NULL),
	(2070, 'Muhamalai', NULL),
	(2071, 'Pallai', '42550'),
	(2072, 'Sivanagar', NULL),
	(2073, 'Soranpattu', NULL),
	(2074, 'Thirunagar', NULL),
	(2075, 'Thiruvaiaru', NULL),
	(2076, 'Alampil', '42005'),
	(2077, 'Karuppaddamurippu', '42220'),
	(2078, 'Mankulam', '42300'),
	(2079, 'Mullivaikkal', '42540'),
	(2080, 'Mulliyawalai', '42100'),
	(2081, 'Muththaiyankaddukulam', '42210'),
	(2082, 'Naddankandal', '42308'),
	(2083, 'Oddusudan', '42200'),
	(2084, 'Puthukkudiyiruppu', '42530'),
	(2085, 'Puthuvedduvan', '42330'),
	(2086, 'Thunukkai', '42320'),
	(2087, 'Udayarkaddu', '42518'),
	(2088, 'Vavunakkulam', '42305'),
	(2089, 'Visvamadukulam', '42515'),
	(2090, 'Yogapuram', '42315'),
	(2091, 'Ampalavanpokkanai', NULL),
	(2092, 'Ananthapuram', NULL),
	(2093, 'Ethawetunuwewa', '50584'),
	(2094, 'Kokkilai', NULL),
	(2095, 'Kokkuthuoduvai', NULL),
	(2096, 'Kumulamunai', NULL),
	(2097, 'Mullathivu', '42000'),
	(2098, 'Murukandy', NULL),
	(2099, 'Welioya', '50586'),
	(2116, 'Nedunkerny', '42250'),
	(2117, 'Neriyakulam', '43300'),
	(2135, 'Alagalla', NULL),
	(2136, 'Andiyapuliyankulam', NULL),
	(2137, 'Asikulam', NULL),
	(2138, 'Cheddikulam', NULL),
	(2139, 'Chemamadukulam', NULL),
	(2140, 'Iranai lluppaikulam', NULL),
	(2141, 'Kalmadhu', NULL),
	(2142, 'Iratta Periyakulama', NULL),
	(2143, 'Kanagarayankulam', NULL),
	(2144, 'Kannaddi', NULL),
	(2145, 'Kela Bogaswewa', NULL),
	(2146, 'Kovilkulam', NULL),
	(2147, 'Madukanda', NULL),
	(2148, 'Mahakachchakodiya', NULL),
	(2149, 'Mamaduwa', NULL),
	(2150, 'Maradammaduwa', NULL),
	(2151, 'Maraiyadithakulam', NULL),
	(2152, 'Maruthodai', NULL),
	(2153, 'Mathavuvaithakulam', NULL),
	(2154, 'Nainamadu', NULL),
	(2155, 'Nelukkulam', NULL),
	(2156, 'Nochchimoddai', NULL),
	(2157, 'Omanthai', NULL),
	(2158, 'Palamoddai', NULL),
	(2159, 'Pampaimadu', NULL),
	(2160, 'Pavakkulama Unit 1', NULL),
	(2161, 'Pavakkulama Unit 2', NULL),
	(2162, 'Periyathambanai', NULL),
	(2163, 'Periya Ulukkulama', NULL),
	(2164, 'Poovarasankulam', NULL),
	(2165, 'Puliyankulam', NULL),
	(2166, 'Sathirikulankulam', NULL),
	(2167, 'Sinnasippikulam', NULL),
	(2168, 'Thandikulam', NULL),
	(2169, 'Vaarikkuttiyoor', NULL),
	(2172, 'Aandankulam', NULL),
	(2173, 'Adampan', NULL),
	(2174, 'Arippu', NULL),
	(2175, 'Athimottai', NULL),
	(2176, 'Chilavathurai', NULL),
	(2177, 'Erukkalampiddy', NULL),
	(2178, 'Illuppaikadavai', NULL),
	(2179, 'Karisal', NULL),
	(2180, 'Kokkupadayan', NULL),
	(2181, 'Madhu Church', NULL),
	(2182, 'Madhu Road', NULL),
	(2183, 'Marichchikaddi', NULL),
	(2184, 'Mullikulam', NULL),
	(2185, 'Murunkan', NULL),
	(2186, 'Nanattan', NULL),
	(2187, 'Palampiddy', NULL),
	(2188, 'Pallimunai', NULL),
	(2189, 'Pandaraveli', NULL),
	(2190, 'Pappamoddai', NULL),
	(2191, 'Parappankandal', NULL),
	(2192, 'Parappukadanthan', NULL),
	(2193, 'Periyakunchikulam', NULL),
	(2194, 'Periyamadhu', NULL),
	(2195, 'Periyapandivirichchan', NULL),
	(2196, 'Pesalai', NULL),
	(2197, 'Potkerny', NULL),
	(2198, 'Puthuveli', NULL),
	(2199, 'Sooriyakaddaikadhu', NULL),
	(2200, 'Thalaimannar', NULL),
	(2201, 'Thalaimannar Pier', NULL),
	(2202, 'Thalaimannar West', NULL),
	(2203, 'Thalvupadu', NULL),
	(2204, 'Tharapuram', NULL),
	(2205, 'Thiruketheeswaram', NULL),
	(2206, 'Uyilankulam', NULL),
	(2207, 'Uyirtharasankulam', NULL),
	(2208, 'Vaddakandal', NULL),
	(2209, 'Vankalai', NULL),
	(2210, 'Vellankulam', NULL),
	(2211, 'Veppankulam', NULL),
	(2212, 'Vidataltivu', NULL);

-- Dumping structure for table zenandsuweb_db.color
CREATE TABLE IF NOT EXISTS `color` (
  `id` int(11) NOT NULL AUTO_INCREMENT,
  `name` varchar(20) DEFAULT NULL,
  PRIMARY KEY (`id`)
) ENGINE=InnoDB AUTO_INCREMENT=15 DEFAULT CHARSET=utf8mb4 COLLATE=utf8mb4_bin;

-- Dumping data for table zenandsuweb_db.color: ~14 rows (approximately)
INSERT INTO `color` (`id`, `name`) VALUES
	(1, 'Blue Color'),
	(2, 'Green Color'),
	(3, 'Gold Color'),
	(4, 'Silver Color'),
	(5, 'Brown Color'),
	(6, 'Black Color'),
	(7, 'Yellow Color'),
	(8, 'Red Color'),
	(9, 'Purple Color'),
	(10, 'Pink Color'),
	(11, 'Orange Color'),
	(12, 'Gray Color'),
	(13, 'Black & White'),
	(14, 'White Color');

-- Dumping structure for table zenandsuweb_db.contact
CREATE TABLE IF NOT EXISTS `contact` (
  `id` int(11) NOT NULL AUTO_INCREMENT,
  `user_id` int(11) NOT NULL,
  `name` varchar(45) DEFAULT NULL,
  `subject` varchar(45) DEFAULT NULL,
  `company` varchar(200) DEFAULT NULL,
  `msg` mediumtext DEFAULT NULL,
  PRIMARY KEY (`id`),
  KEY `fk_contact_user1_idx` (`user_id`),
  CONSTRAINT `fk_contact_user1` FOREIGN KEY (`user_id`) REFERENCES `user` (`id`)
) ENGINE=InnoDB DEFAULT CHARSET=utf8mb4 COLLATE=utf8mb4_bin;

-- Dumping data for table zenandsuweb_db.contact: ~0 rows (approximately)

-- Dumping structure for table zenandsuweb_db.country
CREATE TABLE IF NOT EXISTS `country` (
  `id` int(11) NOT NULL AUTO_INCREMENT,
  `name` varchar(45) DEFAULT NULL,
  PRIMARY KEY (`id`)
) ENGINE=InnoDB AUTO_INCREMENT=2 DEFAULT CHARSET=utf8mb4 COLLATE=utf8mb4_bin;

-- Dumping data for table zenandsuweb_db.country: ~1 rows (approximately)
INSERT INTO `country` (`id`, `name`) VALUES
	(1, 'Sri Lanka');

-- Dumping structure for table zenandsuweb_db.delivery_method
CREATE TABLE IF NOT EXISTS `delivery_method` (
  `id` int(11) NOT NULL AUTO_INCREMENT,
  `name` varchar(45) DEFAULT NULL,
  PRIMARY KEY (`id`)
) ENGINE=InnoDB AUTO_INCREMENT=3 DEFAULT CHARSET=utf8mb4 COLLATE=utf8mb4_bin;

-- Dumping data for table zenandsuweb_db.delivery_method: ~2 rows (approximately)
INSERT INTO `delivery_method` (`id`, `name`) VALUES
	(1, 'Cash_on_delivery'),
	(2, 'Card_payment');

-- Dumping structure for table zenandsuweb_db.district
CREATE TABLE IF NOT EXISTS `district` (
  `id` int(11) NOT NULL AUTO_INCREMENT,
  `name` varchar(45) DEFAULT NULL,
  PRIMARY KEY (`id`)
) ENGINE=InnoDB AUTO_INCREMENT=26 DEFAULT CHARSET=utf8mb4 COLLATE=utf8mb4_bin;

-- Dumping data for table zenandsuweb_db.district: ~25 rows (approximately)
INSERT INTO `district` (`id`, `name`) VALUES
	(1, 'Ampara'),
	(2, 'Anuradhapura'),
	(3, 'Badulla'),
	(4, 'Batticaloa'),
	(5, 'Colombo'),
	(6, 'Galle'),
	(7, 'Gampaha'),
	(8, 'Hambantota'),
	(9, 'Jaffna'),
	(10, 'Kalutara'),
	(11, 'Kandy'),
	(12, 'Kegalle'),
	(13, 'Kilinochchi'),
	(14, 'Kurunegala'),
	(15, 'Mannar'),
	(16, 'Matale'),
	(17, 'Matara'),
	(18, 'Monaragala'),
	(19, 'Mullaitivu'),
	(20, 'Nuwara Eliya'),
	(21, 'Polonnaruwa'),
	(22, 'Puttalam'),
	(23, 'Ratnapura'),
	(24, 'Trincomalee'),
	(25, 'Vavuniya');

-- Dumping structure for table zenandsuweb_db.feedback
CREATE TABLE IF NOT EXISTS `feedback` (
  `id` int(11) NOT NULL AUTO_INCREMENT,
  `user_id` int(11) NOT NULL,
  `product_id` int(11) NOT NULL,
  `feed` mediumtext DEFAULT NULL,
  `date` date DEFAULT NULL,
  PRIMARY KEY (`id`),
  KEY `fk_feedback_user1_idx` (`user_id`),
  KEY `fk_feedback_product1_idx` (`product_id`),
  CONSTRAINT `fk_feedback_product1` FOREIGN KEY (`product_id`) REFERENCES `product` (`id`),
  CONSTRAINT `fk_feedback_user1` FOREIGN KEY (`user_id`) REFERENCES `user` (`id`)
) ENGINE=InnoDB DEFAULT CHARSET=utf8mb4 COLLATE=utf8mb4_bin;

-- Dumping data for table zenandsuweb_db.feedback: ~0 rows (approximately)

-- Dumping structure for table zenandsuweb_db.gender
CREATE TABLE IF NOT EXISTS `gender` (
  `id` int(11) NOT NULL AUTO_INCREMENT,
  `name` varchar(10) DEFAULT NULL,
  PRIMARY KEY (`id`)
) ENGINE=InnoDB AUTO_INCREMENT=4 DEFAULT CHARSET=utf8mb4 COLLATE=utf8mb4_bin;

-- Dumping data for table zenandsuweb_db.gender: ~3 rows (approximately)
INSERT INTO `gender` (`id`, `name`) VALUES
	(1, 'Male'),
	(2, 'Female'),
	(3, 'Other');

-- Dumping structure for table zenandsuweb_db.invoice
CREATE TABLE IF NOT EXISTS `invoice` (
  `id` int(11) NOT NULL AUTO_INCREMENT,
  `order_id` varchar(45) DEFAULT NULL,
  `product_id` int(11) NOT NULL,
  `user_id` int(11) NOT NULL,
  `date` datetime DEFAULT NULL,
  `color` varchar(45) DEFAULT NULL,
  `size` varchar(10) DEFAULT NULL,
  `qty` int(11) DEFAULT NULL,
  `total` double DEFAULT NULL,
  `status_id` int(11) NOT NULL,
  `delivery_method_id` int(11) NOT NULL,
  PRIMARY KEY (`id`),
  KEY `fk_invoice_product1_idx` (`product_id`),
  KEY `fk_invoice_user1_idx` (`user_id`),
  KEY `fk_invoice_status1_idx` (`status_id`),
  KEY `fk_invoice_delivery_method1_idx` (`delivery_method_id`),
  CONSTRAINT `fk_invoice_delivery_method1` FOREIGN KEY (`delivery_method_id`) REFERENCES `delivery_method` (`id`),
  CONSTRAINT `fk_invoice_product1` FOREIGN KEY (`product_id`) REFERENCES `product` (`id`),
  CONSTRAINT `fk_invoice_status1` FOREIGN KEY (`status_id`) REFERENCES `status` (`id`),
  CONSTRAINT `fk_invoice_user1` FOREIGN KEY (`user_id`) REFERENCES `user` (`id`)
) ENGINE=InnoDB AUTO_INCREMENT=4 DEFAULT CHARSET=utf8mb4 COLLATE=utf8mb4_bin;

-- Dumping data for table zenandsuweb_db.invoice: ~0 rows (approximately)

-- Dumping structure for table zenandsuweb_db.location
CREATE TABLE IF NOT EXISTS `location` (
  `id` int(11) NOT NULL AUTO_INCREMENT,
  `province_id` int(11) NOT NULL,
  `district_id` int(11) NOT NULL,
  `city_id` int(11) NOT NULL,
  `country_id` int(11) NOT NULL,
  PRIMARY KEY (`id`),
  KEY `fk_location_province1_idx` (`province_id`),
  KEY `fk_location_district1_idx` (`district_id`),
  KEY `fk_location_city1_idx` (`city_id`),
  KEY `fk_location_country1_idx` (`country_id`),
  CONSTRAINT `fk_location_city1` FOREIGN KEY (`city_id`) REFERENCES `city` (`id`),
  CONSTRAINT `fk_location_country1` FOREIGN KEY (`country_id`) REFERENCES `country` (`id`),
  CONSTRAINT `fk_location_district1` FOREIGN KEY (`district_id`) REFERENCES `district` (`id`),
  CONSTRAINT `fk_location_province1` FOREIGN KEY (`province_id`) REFERENCES `province` (`id`)
) ENGINE=InnoDB AUTO_INCREMENT=2155 DEFAULT CHARSET=utf8mb4 COLLATE=utf8mb4_bin;

-- Dumping data for table zenandsuweb_db.location: ~2,154 rows (approximately)
INSERT INTO `location` (`id`, `province_id`, `district_id`, `city_id`, `country_id`) VALUES
	(1, 1, 5, 118, 1),
	(2, 1, 5, 329, 1),
	(3, 1, 5, 330, 1),
	(4, 1, 5, 331, 1),
	(5, 1, 5, 332, 1),
	(6, 1, 5, 333, 1),
	(7, 1, 5, 334, 1),
	(8, 1, 5, 335, 1),
	(9, 1, 5, 336, 1),
	(10, 1, 5, 337, 1),
	(11, 1, 5, 338, 1),
	(12, 1, 5, 339, 1),
	(13, 1, 5, 340, 1),
	(14, 1, 5, 341, 1),
	(15, 1, 5, 342, 1),
	(16, 1, 5, 343, 1),
	(17, 1, 5, 344, 1),
	(18, 1, 5, 345, 1),
	(19, 1, 5, 346, 1),
	(20, 1, 5, 347, 1),
	(21, 1, 5, 348, 1),
	(22, 1, 5, 349, 1),
	(23, 1, 5, 350, 1),
	(24, 1, 5, 351, 1),
	(25, 1, 5, 352, 1),
	(26, 1, 5, 353, 1),
	(27, 1, 5, 354, 1),
	(28, 1, 5, 355, 1),
	(29, 1, 5, 356, 1),
	(30, 1, 5, 357, 1),
	(31, 1, 5, 358, 1),
	(32, 1, 5, 359, 1),
	(33, 1, 5, 360, 1),
	(34, 1, 5, 361, 1),
	(35, 1, 5, 362, 1),
	(36, 1, 5, 363, 1),
	(37, 1, 5, 364, 1),
	(38, 1, 5, 365, 1),
	(39, 1, 5, 366, 1),
	(40, 1, 5, 367, 1),
	(41, 1, 5, 368, 1),
	(42, 1, 5, 369, 1),
	(43, 1, 5, 370, 1),
	(44, 1, 5, 371, 1),
	(45, 1, 5, 372, 1),
	(46, 1, 5, 373, 1),
	(47, 1, 5, 374, 1),
	(48, 1, 5, 375, 1),
	(49, 1, 5, 376, 1),
	(50, 1, 5, 1002, 1),
	(51, 1, 5, 1124, 1),
	(52, 1, 5, 1837, 1),
	(53, 1, 5, 1838, 1),
	(54, 1, 5, 1839, 1),
	(55, 1, 5, 1840, 1),
	(56, 1, 5, 1841, 1),
	(57, 1, 5, 1842, 1),
	(58, 1, 5, 1843, 1),
	(59, 1, 5, 1844, 1),
	(60, 1, 5, 1845, 1),
	(61, 1, 5, 1846, 1),
	(62, 1, 5, 1847, 1),
	(63, 1, 5, 1848, 1),
	(64, 1, 5, 1849, 1),
	(65, 1, 5, 1850, 1),
	(66, 1, 5, 1851, 1),
	(67, 1, 5, 1852, 1),
	(68, 1, 5, 1853, 1),
	(69, 1, 5, 1854, 1),
	(70, 1, 5, 1855, 1),
	(71, 1, 5, 1856, 1),
	(72, 1, 5, 1857, 1),
	(73, 1, 5, 1858, 1),
	(74, 1, 5, 1859, 1),
	(75, 1, 5, 1860, 1),
	(76, 1, 5, 1861, 1),
	(77, 1, 5, 1862, 1),
	(78, 1, 5, 1863, 1),
	(79, 1, 5, 1864, 1),
	(80, 1, 5, 1865, 1),
	(81, 1, 5, 1866, 1),
	(82, 1, 5, 1867, 1),
	(83, 1, 5, 1868, 1),
	(84, 1, 5, 1869, 1),
	(85, 1, 5, 1870, 1),
	(86, 1, 5, 1871, 1),
	(87, 1, 5, 1872, 1),
	(88, 1, 5, 1873, 1),
	(89, 1, 5, 1874, 1),
	(90, 1, 5, 1875, 1),
	(91, 1, 5, 1876, 1),
	(92, 1, 5, 1877, 1),
	(93, 1, 5, 1878, 1),
	(94, 1, 5, 1879, 1),
	(95, 1, 5, 1880, 1),
	(96, 1, 5, 1881, 1),
	(97, 1, 5, 1882, 1),
	(98, 1, 5, 1883, 1),
	(99, 1, 5, 1884, 1),
	(100, 1, 5, 1885, 1),
	(101, 1, 5, 1886, 1),
	(102, 1, 5, 1887, 1),
	(103, 1, 5, 1888, 1),
	(104, 1, 5, 1889, 1),
	(105, 1, 5, 1890, 1),
	(106, 1, 5, 1891, 1),
	(107, 1, 5, 1892, 1),
	(108, 1, 5, 1893, 1),
	(109, 1, 5, 1894, 1),
	(110, 1, 5, 1895, 1),
	(111, 1, 5, 1896, 1),
	(112, 1, 5, 1897, 1),
	(113, 1, 5, 1898, 1),
	(114, 1, 5, 1899, 1),
	(115, 1, 5, 1900, 1),
	(116, 1, 5, 1901, 1),
	(117, 1, 5, 1902, 1),
	(118, 1, 5, 1903, 1),
	(119, 1, 5, 1904, 1),
	(120, 1, 5, 1905, 1),
	(121, 1, 5, 1906, 1),
	(122, 1, 5, 1907, 1),
	(123, 1, 5, 1908, 1),
	(124, 1, 5, 1909, 1),
	(125, 1, 5, 1910, 1),
	(126, 1, 5, 1911, 1),
	(127, 1, 5, 1912, 1),
	(128, 1, 5, 1913, 1),
	(129, 1, 5, 1914, 1),
	(130, 1, 5, 1915, 1),
	(131, 1, 5, 1916, 1),
	(132, 1, 5, 1917, 1),
	(133, 1, 5, 1918, 1),
	(134, 1, 5, 1919, 1),
	(135, 1, 5, 1920, 1),
	(136, 1, 5, 1921, 1),
	(137, 1, 5, 1922, 1),
	(138, 1, 5, 1923, 1),
	(139, 1, 5, 1924, 1),
	(140, 1, 5, 1925, 1),
	(141, 1, 5, 1926, 1),
	(142, 1, 5, 1927, 1),
	(143, 1, 5, 1928, 1),
	(144, 1, 5, 1929, 1),
	(145, 1, 5, 1930, 1),
	(146, 1, 5, 1931, 1),
	(147, 1, 5, 1932, 1),
	(148, 1, 5, 1933, 1),
	(149, 1, 5, 1934, 1),
	(150, 1, 5, 1935, 1),
	(151, 1, 5, 1936, 1),
	(152, 1, 5, 1937, 1),
	(153, 1, 5, 1938, 1),
	(154, 1, 5, 1939, 1),
	(155, 1, 5, 1940, 1),
	(156, 1, 5, 1941, 1),
	(157, 1, 5, 1942, 1),
	(158, 1, 5, 1943, 1),
	(159, 1, 5, 1944, 1),
	(160, 1, 5, 1945, 1),
	(161, 1, 5, 1946, 1),
	(162, 1, 5, 1947, 1),
	(163, 1, 5, 1948, 1),
	(164, 1, 5, 1949, 1),
	(165, 1, 7, 464, 1),
	(166, 1, 7, 465, 1),
	(167, 1, 7, 466, 1),
	(168, 1, 7, 467, 1),
	(169, 1, 7, 468, 1),
	(170, 1, 7, 469, 1),
	(171, 1, 7, 470, 1),
	(172, 1, 7, 471, 1),
	(173, 1, 7, 472, 1),
	(174, 1, 7, 473, 1),
	(175, 1, 7, 474, 1),
	(176, 1, 7, 475, 1),
	(177, 1, 7, 476, 1),
	(178, 1, 7, 477, 1),
	(179, 1, 7, 478, 1),
	(180, 1, 7, 479, 1),
	(181, 1, 7, 480, 1),
	(182, 1, 7, 481, 1),
	(183, 1, 7, 482, 1),
	(184, 1, 7, 483, 1),
	(185, 1, 7, 484, 1),
	(186, 1, 7, 485, 1),
	(187, 1, 7, 486, 1),
	(188, 1, 7, 487, 1),
	(189, 1, 7, 488, 1),
	(190, 1, 7, 489, 1),
	(191, 1, 7, 490, 1),
	(192, 1, 7, 491, 1),
	(193, 1, 7, 492, 1),
	(194, 1, 7, 493, 1),
	(195, 1, 7, 494, 1),
	(196, 1, 7, 495, 1),
	(197, 1, 7, 496, 1),
	(198, 1, 7, 497, 1),
	(199, 1, 7, 498, 1),
	(200, 1, 7, 499, 1),
	(201, 1, 7, 500, 1),
	(202, 1, 7, 501, 1),
	(203, 1, 7, 502, 1),
	(204, 1, 7, 503, 1),
	(205, 1, 7, 504, 1),
	(206, 1, 7, 505, 1),
	(207, 1, 7, 506, 1),
	(208, 1, 7, 507, 1),
	(209, 1, 7, 508, 1),
	(210, 1, 7, 509, 1),
	(211, 1, 7, 510, 1),
	(212, 1, 7, 511, 1),
	(213, 1, 7, 512, 1),
	(214, 1, 7, 513, 1),
	(215, 1, 7, 514, 1),
	(216, 1, 7, 515, 1),
	(217, 1, 7, 516, 1),
	(218, 1, 7, 517, 1),
	(219, 1, 7, 518, 1),
	(220, 1, 7, 519, 1),
	(221, 1, 7, 520, 1),
	(222, 1, 7, 521, 1),
	(223, 1, 7, 522, 1),
	(224, 1, 7, 523, 1),
	(225, 1, 7, 524, 1),
	(226, 1, 7, 525, 1),
	(227, 1, 7, 526, 1),
	(228, 1, 7, 527, 1),
	(229, 1, 7, 528, 1),
	(230, 1, 7, 529, 1),
	(231, 1, 7, 530, 1),
	(232, 1, 7, 531, 1),
	(233, 1, 7, 532, 1),
	(234, 1, 7, 533, 1),
	(235, 1, 7, 534, 1),
	(236, 1, 7, 535, 1),
	(237, 1, 7, 536, 1),
	(238, 1, 7, 537, 1),
	(239, 1, 7, 538, 1),
	(240, 1, 7, 539, 1),
	(241, 1, 7, 540, 1),
	(242, 1, 7, 541, 1),
	(243, 1, 7, 542, 1),
	(244, 1, 7, 543, 1),
	(245, 1, 7, 544, 1),
	(246, 1, 7, 545, 1),
	(247, 1, 7, 546, 1),
	(248, 1, 7, 547, 1),
	(249, 1, 7, 548, 1),
	(250, 1, 7, 549, 1),
	(251, 1, 7, 550, 1),
	(252, 1, 7, 551, 1),
	(253, 1, 7, 552, 1),
	(254, 1, 7, 553, 1),
	(255, 1, 7, 554, 1),
	(256, 1, 7, 555, 1),
	(257, 1, 7, 556, 1),
	(258, 1, 7, 557, 1),
	(259, 1, 7, 558, 1),
	(260, 1, 7, 559, 1),
	(261, 1, 7, 560, 1),
	(262, 1, 7, 561, 1),
	(263, 1, 7, 562, 1),
	(264, 1, 7, 563, 1),
	(265, 1, 7, 564, 1),
	(266, 1, 7, 565, 1),
	(267, 1, 7, 566, 1),
	(268, 1, 7, 567, 1),
	(269, 1, 7, 568, 1),
	(270, 1, 7, 569, 1),
	(271, 1, 7, 570, 1),
	(272, 1, 7, 571, 1),
	(273, 1, 7, 572, 1),
	(274, 1, 7, 573, 1),
	(275, 1, 7, 574, 1),
	(276, 1, 7, 575, 1),
	(277, 1, 7, 576, 1),
	(278, 1, 7, 577, 1),
	(279, 1, 7, 578, 1),
	(280, 1, 7, 579, 1),
	(281, 1, 7, 580, 1),
	(282, 1, 7, 581, 1),
	(283, 1, 7, 582, 1),
	(284, 1, 7, 583, 1),
	(285, 1, 7, 584, 1),
	(286, 1, 7, 585, 1),
	(287, 1, 7, 586, 1),
	(288, 1, 7, 587, 1),
	(289, 1, 7, 588, 1),
	(290, 1, 7, 589, 1),
	(291, 1, 7, 590, 1),
	(292, 1, 7, 1951, 1),
	(293, 1, 10, 655, 1),
	(294, 1, 10, 656, 1),
	(295, 1, 10, 657, 1),
	(296, 1, 10, 658, 1),
	(297, 1, 10, 659, 1),
	(298, 1, 10, 660, 1),
	(299, 1, 10, 661, 1),
	(300, 1, 10, 662, 1),
	(301, 1, 10, 663, 1),
	(302, 1, 10, 664, 1),
	(303, 1, 10, 665, 1),
	(304, 1, 10, 666, 1),
	(305, 1, 10, 667, 1),
	(306, 1, 10, 668, 1),
	(307, 1, 10, 669, 1),
	(308, 1, 10, 670, 1),
	(309, 1, 10, 671, 1),
	(310, 1, 10, 672, 1),
	(311, 1, 10, 673, 1),
	(312, 1, 10, 674, 1),
	(313, 1, 10, 675, 1),
	(314, 1, 10, 676, 1),
	(315, 1, 10, 677, 1),
	(316, 1, 10, 678, 1),
	(317, 1, 10, 679, 1),
	(318, 1, 10, 680, 1),
	(319, 1, 10, 681, 1),
	(320, 1, 10, 682, 1),
	(321, 1, 10, 683, 1),
	(322, 1, 10, 684, 1),
	(323, 1, 10, 685, 1),
	(324, 1, 10, 686, 1),
	(325, 1, 10, 687, 1),
	(326, 1, 10, 688, 1),
	(327, 1, 10, 689, 1),
	(328, 1, 10, 690, 1),
	(329, 1, 10, 691, 1),
	(330, 1, 10, 692, 1),
	(331, 1, 10, 693, 1),
	(332, 1, 10, 694, 1),
	(333, 1, 10, 695, 1),
	(334, 1, 10, 696, 1),
	(335, 1, 10, 697, 1),
	(336, 1, 10, 698, 1),
	(337, 1, 10, 699, 1),
	(338, 1, 10, 700, 1),
	(339, 1, 10, 701, 1),
	(340, 1, 10, 702, 1),
	(341, 1, 10, 703, 1),
	(342, 1, 10, 704, 1),
	(343, 1, 10, 705, 1),
	(344, 1, 10, 706, 1),
	(345, 1, 10, 707, 1),
	(346, 1, 10, 708, 1),
	(347, 1, 10, 709, 1),
	(348, 1, 10, 710, 1),
	(349, 1, 10, 711, 1),
	(350, 1, 10, 712, 1),
	(351, 1, 10, 713, 1),
	(352, 1, 10, 714, 1),
	(353, 1, 10, 715, 1),
	(354, 1, 10, 716, 1),
	(355, 1, 10, 717, 1),
	(356, 1, 10, 718, 1),
	(357, 1, 10, 719, 1),
	(358, 1, 10, 720, 1),
	(359, 1, 10, 721, 1),
	(360, 1, 10, 722, 1),
	(361, 1, 10, 723, 1),
	(362, 1, 10, 724, 1),
	(363, 1, 10, 725, 1),
	(364, 1, 10, 726, 1),
	(365, 1, 10, 727, 1),
	(366, 1, 10, 728, 1),
	(367, 1, 10, 729, 1),
	(368, 1, 10, 730, 1),
	(369, 1, 10, 731, 1),
	(370, 1, 10, 732, 1),
	(371, 1, 10, 733, 1),
	(372, 1, 10, 734, 1),
	(373, 1, 10, 735, 1),
	(374, 1, 10, 736, 1),
	(375, 1, 10, 737, 1),
	(376, 1, 10, 738, 1),
	(377, 1, 10, 739, 1),
	(378, 1, 10, 740, 1),
	(379, 1, 10, 741, 1),
	(380, 1, 10, 742, 1),
	(381, 1, 10, 743, 1),
	(382, 1, 10, 744, 1),
	(383, 1, 10, 745, 1),
	(384, 1, 10, 746, 1),
	(385, 1, 10, 747, 1),
	(386, 1, 10, 748, 1),
	(387, 1, 10, 749, 1),
	(388, 1, 10, 750, 1),
	(389, 1, 10, 751, 1),
	(390, 1, 10, 752, 1),
	(391, 1, 10, 753, 1),
	(392, 2, 11, 754, 1),
	(393, 2, 11, 755, 1),
	(394, 2, 11, 756, 1),
	(395, 2, 11, 757, 1),
	(396, 2, 11, 758, 1),
	(397, 2, 11, 759, 1),
	(398, 2, 11, 760, 1),
	(399, 2, 11, 761, 1),
	(400, 2, 11, 762, 1),
	(401, 2, 11, 763, 1),
	(402, 2, 11, 764, 1),
	(403, 2, 11, 765, 1),
	(404, 2, 11, 766, 1),
	(405, 2, 11, 767, 1),
	(406, 2, 11, 768, 1),
	(407, 2, 11, 769, 1),
	(408, 2, 11, 770, 1),
	(409, 2, 11, 771, 1),
	(410, 2, 11, 772, 1),
	(411, 2, 11, 773, 1),
	(412, 2, 11, 774, 1),
	(413, 2, 11, 775, 1),
	(414, 2, 11, 776, 1),
	(415, 2, 11, 777, 1),
	(416, 2, 11, 778, 1),
	(417, 2, 11, 779, 1),
	(418, 2, 11, 780, 1),
	(419, 2, 11, 781, 1),
	(420, 2, 11, 782, 1),
	(421, 2, 11, 783, 1),
	(422, 2, 11, 784, 1),
	(423, 2, 11, 785, 1),
	(424, 2, 11, 786, 1),
	(425, 2, 11, 787, 1),
	(426, 2, 11, 788, 1),
	(427, 2, 11, 789, 1),
	(428, 2, 11, 790, 1),
	(429, 2, 11, 791, 1),
	(430, 2, 11, 792, 1),
	(431, 2, 11, 793, 1),
	(432, 2, 11, 794, 1),
	(433, 2, 11, 795, 1),
	(434, 2, 11, 796, 1),
	(435, 2, 11, 797, 1),
	(436, 2, 11, 798, 1),
	(437, 2, 11, 799, 1),
	(438, 2, 11, 800, 1),
	(439, 2, 11, 801, 1),
	(440, 2, 11, 802, 1),
	(441, 2, 11, 803, 1),
	(442, 2, 11, 804, 1),
	(443, 2, 11, 805, 1),
	(444, 2, 11, 806, 1),
	(445, 2, 11, 807, 1),
	(446, 2, 11, 808, 1),
	(447, 2, 11, 809, 1),
	(448, 2, 11, 810, 1),
	(449, 2, 11, 811, 1),
	(450, 2, 11, 812, 1),
	(451, 2, 11, 813, 1),
	(452, 2, 11, 814, 1),
	(453, 2, 11, 815, 1),
	(454, 2, 11, 816, 1),
	(455, 2, 11, 817, 1),
	(456, 2, 11, 818, 1),
	(457, 2, 11, 819, 1),
	(458, 2, 11, 820, 1),
	(459, 2, 11, 821, 1),
	(460, 2, 11, 822, 1),
	(461, 2, 11, 823, 1),
	(462, 2, 11, 824, 1),
	(463, 2, 11, 825, 1),
	(464, 2, 11, 826, 1),
	(465, 2, 11, 827, 1),
	(466, 2, 11, 828, 1),
	(467, 2, 11, 829, 1),
	(468, 2, 11, 830, 1),
	(469, 2, 11, 831, 1),
	(470, 2, 11, 832, 1),
	(471, 2, 11, 833, 1),
	(472, 2, 11, 834, 1),
	(473, 2, 11, 835, 1),
	(474, 2, 11, 836, 1),
	(475, 2, 11, 837, 1),
	(476, 2, 11, 838, 1),
	(477, 2, 11, 839, 1),
	(478, 2, 11, 840, 1),
	(479, 2, 11, 841, 1),
	(480, 2, 11, 842, 1),
	(481, 2, 11, 843, 1),
	(482, 2, 11, 844, 1),
	(483, 2, 11, 845, 1),
	(484, 2, 11, 846, 1),
	(485, 2, 11, 847, 1),
	(486, 2, 11, 848, 1),
	(487, 2, 11, 849, 1),
	(488, 2, 11, 850, 1),
	(489, 2, 11, 851, 1),
	(490, 2, 11, 852, 1),
	(491, 2, 11, 853, 1),
	(492, 2, 11, 854, 1),
	(493, 2, 11, 855, 1),
	(494, 2, 11, 856, 1),
	(495, 2, 11, 857, 1),
	(496, 2, 11, 858, 1),
	(497, 2, 11, 859, 1),
	(498, 2, 11, 860, 1),
	(499, 2, 11, 861, 1),
	(500, 2, 11, 862, 1),
	(501, 2, 11, 863, 1),
	(502, 2, 11, 864, 1),
	(503, 2, 11, 865, 1),
	(504, 2, 11, 866, 1),
	(505, 2, 11, 867, 1),
	(506, 2, 11, 868, 1),
	(507, 2, 11, 869, 1),
	(508, 2, 11, 870, 1),
	(509, 2, 11, 871, 1),
	(510, 2, 11, 872, 1),
	(511, 2, 11, 873, 1),
	(512, 2, 11, 874, 1),
	(513, 2, 11, 875, 1),
	(514, 2, 11, 876, 1),
	(515, 2, 11, 877, 1),
	(516, 2, 11, 878, 1),
	(517, 2, 11, 879, 1),
	(518, 2, 11, 880, 1),
	(519, 2, 11, 881, 1),
	(520, 2, 11, 882, 1),
	(521, 2, 11, 883, 1),
	(522, 2, 11, 884, 1),
	(523, 2, 11, 885, 1),
	(524, 2, 11, 886, 1),
	(525, 2, 11, 887, 1),
	(526, 2, 11, 888, 1),
	(527, 2, 11, 889, 1),
	(528, 2, 11, 890, 1),
	(529, 2, 11, 891, 1),
	(530, 2, 11, 892, 1),
	(531, 2, 11, 893, 1),
	(532, 2, 11, 894, 1),
	(533, 2, 11, 895, 1),
	(534, 2, 11, 896, 1),
	(535, 2, 11, 897, 1),
	(536, 2, 11, 898, 1),
	(537, 2, 11, 899, 1),
	(538, 2, 11, 900, 1),
	(539, 2, 11, 1032, 1),
	(540, 2, 16, 1287, 1),
	(541, 2, 16, 1288, 1),
	(542, 2, 16, 1289, 1),
	(543, 2, 16, 1290, 1),
	(544, 2, 16, 1291, 1),
	(545, 2, 16, 1292, 1),
	(546, 2, 16, 1293, 1),
	(547, 2, 16, 1294, 1),
	(548, 2, 16, 1295, 1),
	(549, 2, 16, 1296, 1),
	(550, 2, 16, 1297, 1),
	(551, 2, 16, 1298, 1),
	(552, 2, 16, 1299, 1),
	(553, 2, 16, 1300, 1),
	(554, 2, 16, 1301, 1),
	(555, 2, 16, 1302, 1),
	(556, 2, 16, 1303, 1),
	(557, 2, 16, 1304, 1),
	(558, 2, 16, 1305, 1),
	(559, 2, 16, 1306, 1),
	(560, 2, 16, 1307, 1),
	(561, 2, 16, 1308, 1),
	(562, 2, 16, 1309, 1),
	(563, 2, 16, 1310, 1),
	(564, 2, 16, 1311, 1),
	(565, 2, 16, 1312, 1),
	(566, 2, 16, 1313, 1),
	(567, 2, 16, 1314, 1),
	(568, 2, 16, 1315, 1),
	(569, 2, 16, 1316, 1),
	(570, 2, 16, 1317, 1),
	(571, 2, 16, 1318, 1),
	(572, 2, 16, 1319, 1),
	(573, 2, 16, 1320, 1),
	(574, 2, 16, 1321, 1),
	(575, 2, 16, 1322, 1),
	(576, 2, 16, 1323, 1),
	(577, 2, 16, 1324, 1),
	(578, 2, 16, 1325, 1),
	(579, 2, 16, 1326, 1),
	(580, 2, 16, 1327, 1),
	(581, 2, 16, 1328, 1),
	(582, 2, 16, 1329, 1),
	(583, 2, 16, 1330, 1),
	(584, 2, 16, 1332, 1),
	(585, 2, 16, 1333, 1),
	(586, 2, 16, 1334, 1),
	(587, 2, 16, 1335, 1),
	(588, 2, 16, 1336, 1),
	(589, 2, 16, 1337, 1),
	(590, 2, 16, 1338, 1),
	(591, 2, 16, 1339, 1),
	(592, 2, 16, 1340, 1),
	(593, 2, 16, 1341, 1),
	(594, 2, 16, 1342, 1),
	(595, 2, 16, 1343, 1),
	(596, 2, 16, 1344, 1),
	(597, 2, 16, 1345, 1),
	(598, 2, 16, 1346, 1),
	(599, 2, 16, 1347, 1),
	(600, 2, 16, 1348, 1),
	(601, 2, 16, 1349, 1),
	(602, 2, 16, 1350, 1),
	(603, 2, 16, 1351, 1),
	(604, 2, 16, 1352, 1),
	(605, 2, 16, 1353, 1),
	(606, 2, 16, 1354, 1),
	(607, 2, 16, 1355, 1),
	(608, 2, 16, 1356, 1),
	(609, 2, 16, 1357, 1),
	(610, 2, 16, 1358, 1),
	(611, 2, 16, 1359, 1),
	(612, 2, 16, 1360, 1),
	(613, 2, 16, 1361, 1),
	(614, 2, 16, 1362, 1),
	(615, 2, 16, 1363, 1),
	(616, 2, 16, 1974, 1),
	(617, 2, 20, 1491, 1),
	(618, 2, 20, 1492, 1),
	(619, 2, 20, 1493, 1),
	(620, 2, 20, 1494, 1),
	(621, 2, 20, 1495, 1),
	(622, 2, 20, 1496, 1),
	(623, 2, 20, 1497, 1),
	(624, 2, 20, 1498, 1),
	(625, 2, 20, 1499, 1),
	(626, 2, 20, 1500, 1),
	(627, 2, 20, 1501, 1),
	(628, 2, 20, 1502, 1),
	(629, 2, 20, 1503, 1),
	(630, 2, 20, 1504, 1),
	(631, 2, 20, 1505, 1),
	(632, 2, 20, 1506, 1),
	(633, 2, 20, 1507, 1),
	(634, 2, 20, 1508, 1),
	(635, 2, 20, 1509, 1),
	(636, 2, 20, 1510, 1),
	(637, 2, 20, 1511, 1),
	(638, 2, 20, 1512, 1),
	(639, 2, 20, 1513, 1),
	(640, 2, 20, 1514, 1),
	(641, 2, 20, 1515, 1),
	(642, 2, 20, 1516, 1),
	(643, 2, 20, 1517, 1),
	(644, 2, 20, 1518, 1),
	(645, 2, 20, 1519, 1),
	(646, 2, 20, 1520, 1),
	(647, 2, 20, 1521, 1),
	(648, 2, 20, 1522, 1),
	(649, 2, 20, 1523, 1),
	(650, 2, 20, 1524, 1),
	(651, 2, 20, 1525, 1),
	(652, 2, 20, 1526, 1),
	(653, 2, 20, 1527, 1),
	(654, 2, 20, 1528, 1),
	(655, 2, 20, 1529, 1),
	(656, 2, 20, 1530, 1),
	(657, 2, 20, 1531, 1),
	(658, 2, 20, 1532, 1),
	(659, 2, 20, 1533, 1),
	(660, 2, 20, 1534, 1),
	(661, 2, 20, 1535, 1),
	(662, 2, 20, 1536, 1),
	(663, 2, 20, 1537, 1),
	(664, 2, 20, 1538, 1),
	(665, 2, 20, 1539, 1),
	(666, 2, 20, 1540, 1),
	(667, 2, 20, 1541, 1),
	(668, 2, 20, 1542, 1),
	(669, 2, 20, 1543, 1),
	(670, 2, 20, 1544, 1),
	(671, 2, 20, 1545, 1),
	(672, 2, 20, 1546, 1),
	(673, 2, 20, 1547, 1),
	(674, 2, 20, 1548, 1),
	(675, 2, 20, 1549, 1),
	(676, 2, 20, 1550, 1),
	(677, 2, 20, 1551, 1),
	(678, 2, 20, 1552, 1),
	(679, 2, 20, 1553, 1),
	(680, 2, 20, 1554, 1),
	(681, 2, 20, 1555, 1),
	(682, 2, 20, 1556, 1),
	(683, 2, 20, 1557, 1),
	(684, 2, 20, 1558, 1),
	(685, 2, 20, 1559, 1),
	(686, 2, 20, 1560, 1),
	(687, 2, 20, 1561, 1),
	(688, 2, 20, 1562, 1),
	(689, 2, 20, 1563, 1),
	(690, 2, 20, 1564, 1),
	(691, 2, 20, 1565, 1),
	(692, 3, 6, 377, 1),
	(693, 3, 6, 378, 1),
	(694, 3, 6, 379, 1),
	(695, 3, 6, 380, 1),
	(696, 3, 6, 381, 1),
	(697, 3, 6, 382, 1),
	(698, 3, 6, 383, 1),
	(699, 3, 6, 384, 1),
	(700, 3, 6, 385, 1),
	(701, 3, 6, 386, 1),
	(702, 3, 6, 387, 1),
	(703, 3, 6, 388, 1),
	(704, 3, 6, 389, 1),
	(705, 3, 6, 390, 1),
	(706, 3, 6, 391, 1),
	(707, 3, 6, 392, 1),
	(708, 3, 6, 393, 1),
	(709, 3, 6, 394, 1),
	(710, 3, 6, 395, 1),
	(711, 3, 6, 396, 1),
	(712, 3, 6, 397, 1),
	(713, 3, 6, 398, 1),
	(714, 3, 6, 399, 1),
	(715, 3, 6, 400, 1),
	(716, 3, 6, 401, 1),
	(717, 3, 6, 402, 1),
	(718, 3, 6, 403, 1),
	(719, 3, 6, 404, 1),
	(720, 3, 6, 405, 1),
	(721, 3, 6, 406, 1),
	(722, 3, 6, 407, 1),
	(723, 3, 6, 408, 1),
	(724, 3, 6, 409, 1),
	(725, 3, 6, 410, 1),
	(726, 3, 6, 411, 1),
	(727, 3, 6, 412, 1),
	(728, 3, 6, 413, 1),
	(729, 3, 6, 414, 1),
	(730, 3, 6, 415, 1),
	(731, 3, 6, 416, 1),
	(732, 3, 6, 417, 1),
	(733, 3, 6, 418, 1),
	(734, 3, 6, 419, 1),
	(735, 3, 6, 420, 1),
	(736, 3, 6, 421, 1),
	(737, 3, 6, 422, 1),
	(738, 3, 6, 423, 1),
	(739, 3, 6, 424, 1),
	(740, 3, 6, 425, 1),
	(741, 3, 6, 426, 1),
	(742, 3, 6, 427, 1),
	(743, 3, 6, 428, 1),
	(744, 3, 6, 429, 1),
	(745, 3, 6, 430, 1),
	(746, 3, 6, 431, 1),
	(747, 3, 6, 432, 1),
	(748, 3, 6, 433, 1),
	(749, 3, 6, 434, 1),
	(750, 3, 6, 435, 1),
	(751, 3, 6, 436, 1),
	(752, 3, 6, 437, 1),
	(753, 3, 6, 438, 1),
	(754, 3, 6, 439, 1),
	(755, 3, 6, 440, 1),
	(756, 3, 6, 441, 1),
	(757, 3, 6, 442, 1),
	(758, 3, 6, 443, 1),
	(759, 3, 6, 444, 1),
	(760, 3, 6, 445, 1),
	(761, 3, 6, 446, 1),
	(762, 3, 6, 447, 1),
	(763, 3, 6, 448, 1),
	(764, 3, 6, 449, 1),
	(765, 3, 6, 450, 1),
	(766, 3, 6, 451, 1),
	(767, 3, 6, 452, 1),
	(768, 3, 6, 453, 1),
	(769, 3, 6, 454, 1),
	(770, 3, 6, 455, 1),
	(771, 3, 6, 456, 1),
	(772, 3, 6, 457, 1),
	(773, 3, 6, 458, 1),
	(774, 3, 6, 459, 1),
	(775, 3, 6, 460, 1),
	(776, 3, 6, 461, 1),
	(777, 3, 6, 462, 1),
	(778, 3, 6, 463, 1),
	(779, 3, 8, 591, 1),
	(780, 3, 8, 592, 1),
	(781, 3, 8, 593, 1),
	(782, 3, 8, 594, 1),
	(783, 3, 8, 595, 1),
	(784, 3, 8, 596, 1),
	(785, 3, 8, 597, 1),
	(786, 3, 8, 598, 1),
	(787, 3, 8, 599, 1),
	(788, 3, 8, 600, 1),
	(789, 3, 8, 601, 1),
	(790, 3, 8, 602, 1),
	(791, 3, 8, 603, 1),
	(792, 3, 8, 604, 1),
	(793, 3, 8, 605, 1),
	(794, 3, 8, 606, 1),
	(795, 3, 8, 607, 1),
	(796, 3, 8, 608, 1),
	(797, 3, 8, 609, 1),
	(798, 3, 8, 610, 1),
	(799, 3, 8, 611, 1),
	(800, 3, 8, 612, 1),
	(801, 3, 8, 613, 1),
	(802, 3, 8, 614, 1),
	(803, 3, 8, 615, 1),
	(804, 3, 8, 616, 1),
	(805, 3, 8, 617, 1),
	(806, 3, 8, 618, 1),
	(807, 3, 8, 619, 1),
	(808, 3, 8, 620, 1),
	(809, 3, 8, 621, 1),
	(810, 3, 8, 622, 1),
	(811, 3, 8, 623, 1),
	(812, 3, 8, 624, 1),
	(813, 3, 8, 625, 1),
	(814, 3, 8, 626, 1),
	(815, 3, 8, 627, 1),
	(816, 3, 8, 628, 1),
	(817, 3, 8, 629, 1),
	(818, 3, 8, 630, 1),
	(819, 3, 8, 631, 1),
	(820, 3, 8, 632, 1),
	(821, 3, 8, 633, 1),
	(822, 3, 8, 634, 1),
	(823, 3, 8, 635, 1),
	(824, 3, 8, 636, 1),
	(825, 3, 8, 637, 1),
	(826, 3, 8, 638, 1),
	(827, 3, 8, 639, 1),
	(828, 3, 8, 640, 1),
	(829, 3, 8, 641, 1),
	(830, 3, 8, 642, 1),
	(831, 3, 8, 643, 1),
	(832, 3, 8, 644, 1),
	(833, 3, 8, 645, 1),
	(834, 3, 8, 646, 1),
	(835, 3, 8, 647, 1),
	(836, 3, 8, 648, 1),
	(837, 3, 8, 649, 1),
	(838, 3, 8, 650, 1),
	(839, 3, 8, 651, 1),
	(840, 3, 8, 652, 1),
	(841, 3, 8, 653, 1),
	(842, 3, 8, 1976, 1),
	(843, 3, 17, 1364, 1),
	(844, 3, 17, 1365, 1),
	(845, 3, 17, 1366, 1),
	(846, 3, 17, 1367, 1),
	(847, 3, 17, 1368, 1),
	(848, 3, 17, 1369, 1),
	(849, 3, 17, 1370, 1),
	(850, 3, 17, 1371, 1),
	(851, 3, 17, 1372, 1),
	(852, 3, 17, 1373, 1),
	(853, 3, 17, 1374, 1),
	(854, 3, 17, 1375, 1),
	(855, 3, 17, 1376, 1),
	(856, 3, 17, 1377, 1),
	(857, 3, 17, 1378, 1),
	(858, 3, 17, 1379, 1),
	(859, 3, 17, 1380, 1),
	(860, 3, 17, 1381, 1),
	(861, 3, 17, 1382, 1),
	(862, 3, 17, 1383, 1),
	(863, 3, 17, 1384, 1),
	(864, 3, 17, 1385, 1),
	(865, 3, 17, 1386, 1),
	(866, 3, 17, 1387, 1),
	(867, 3, 17, 1388, 1),
	(868, 3, 17, 1389, 1),
	(869, 3, 17, 1390, 1),
	(870, 3, 17, 1391, 1),
	(871, 3, 17, 1392, 1),
	(872, 3, 17, 1393, 1),
	(873, 3, 17, 1394, 1),
	(874, 3, 17, 1395, 1),
	(875, 3, 17, 1396, 1),
	(876, 3, 17, 1397, 1),
	(877, 3, 17, 1398, 1),
	(878, 3, 17, 1399, 1),
	(879, 3, 17, 1400, 1),
	(880, 3, 17, 1401, 1),
	(881, 3, 17, 1402, 1),
	(882, 3, 17, 1403, 1),
	(883, 3, 17, 1404, 1),
	(884, 3, 17, 1405, 1),
	(885, 3, 17, 1406, 1),
	(886, 3, 17, 1407, 1),
	(887, 3, 17, 1408, 1),
	(888, 3, 17, 1409, 1),
	(889, 3, 17, 1410, 1),
	(890, 3, 17, 1411, 1),
	(891, 3, 17, 1412, 1),
	(892, 3, 17, 1413, 1),
	(893, 3, 17, 1414, 1),
	(894, 3, 17, 1415, 1),
	(895, 3, 17, 1416, 1),
	(896, 3, 17, 1417, 1),
	(897, 3, 17, 1418, 1),
	(898, 3, 17, 1419, 1),
	(899, 3, 17, 1420, 1),
	(900, 3, 17, 1421, 1),
	(901, 3, 17, 1422, 1),
	(902, 3, 17, 1423, 1),
	(903, 3, 17, 1424, 1),
	(904, 3, 17, 1425, 1),
	(905, 3, 17, 1426, 1),
	(906, 3, 17, 1427, 1),
	(907, 3, 17, 1428, 1),
	(908, 3, 17, 1429, 1),
	(909, 3, 17, 1430, 1),
	(910, 3, 17, 1975, 1),
	(911, 4, 14, 1033, 1),
	(912, 4, 14, 1034, 1),
	(913, 4, 14, 1035, 1),
	(914, 4, 14, 1036, 1),
	(915, 4, 14, 1037, 1),
	(916, 4, 14, 1038, 1),
	(917, 4, 14, 1039, 1),
	(918, 4, 14, 1040, 1),
	(919, 4, 14, 1041, 1),
	(920, 4, 14, 1042, 1),
	(921, 4, 14, 1043, 1),
	(922, 4, 14, 1044, 1),
	(923, 4, 14, 1045, 1),
	(924, 4, 14, 1046, 1),
	(925, 4, 14, 1047, 1),
	(926, 4, 14, 1048, 1),
	(927, 4, 14, 1049, 1),
	(928, 4, 14, 1050, 1),
	(929, 4, 14, 1051, 1),
	(930, 4, 14, 1052, 1),
	(931, 4, 14, 1053, 1),
	(932, 4, 14, 1054, 1),
	(933, 4, 14, 1055, 1),
	(934, 4, 14, 1056, 1),
	(935, 4, 14, 1057, 1),
	(936, 4, 14, 1058, 1),
	(937, 4, 14, 1059, 1),
	(938, 4, 14, 1060, 1),
	(939, 4, 14, 1061, 1),
	(940, 4, 14, 1062, 1),
	(941, 4, 14, 1063, 1),
	(942, 4, 14, 1064, 1),
	(943, 4, 14, 1065, 1),
	(944, 4, 14, 1066, 1),
	(945, 4, 14, 1067, 1),
	(946, 4, 14, 1068, 1),
	(947, 4, 14, 1069, 1),
	(948, 4, 14, 1070, 1),
	(949, 4, 14, 1071, 1),
	(950, 4, 14, 1072, 1),
	(951, 4, 14, 1073, 1),
	(952, 4, 14, 1074, 1),
	(953, 4, 14, 1075, 1),
	(954, 4, 14, 1076, 1),
	(955, 4, 14, 1077, 1),
	(956, 4, 14, 1078, 1),
	(957, 4, 14, 1079, 1),
	(958, 4, 14, 1080, 1),
	(959, 4, 14, 1081, 1),
	(960, 4, 14, 1082, 1),
	(961, 4, 14, 1083, 1),
	(962, 4, 14, 1084, 1),
	(963, 4, 14, 1085, 1),
	(964, 4, 14, 1086, 1),
	(965, 4, 14, 1087, 1),
	(966, 4, 14, 1088, 1),
	(967, 4, 14, 1089, 1),
	(968, 4, 14, 1090, 1),
	(969, 4, 14, 1091, 1),
	(970, 4, 14, 1092, 1),
	(971, 4, 14, 1093, 1),
	(972, 4, 14, 1094, 1),
	(973, 4, 14, 1095, 1),
	(974, 4, 14, 1096, 1),
	(975, 4, 14, 1097, 1),
	(976, 4, 14, 1098, 1),
	(977, 4, 14, 1099, 1),
	(978, 4, 14, 1100, 1),
	(979, 4, 14, 1101, 1),
	(980, 4, 14, 1102, 1),
	(981, 4, 14, 1103, 1),
	(982, 4, 14, 1104, 1),
	(983, 4, 14, 1105, 1),
	(984, 4, 14, 1106, 1),
	(985, 4, 14, 1107, 1),
	(986, 4, 14, 1108, 1),
	(987, 4, 14, 1109, 1),
	(988, 4, 14, 1110, 1),
	(989, 4, 14, 1111, 1),
	(990, 4, 14, 1112, 1),
	(991, 4, 14, 1113, 1),
	(992, 4, 14, 1114, 1),
	(993, 4, 14, 1115, 1),
	(994, 4, 14, 1116, 1),
	(995, 4, 14, 1117, 1),
	(996, 4, 14, 1118, 1),
	(997, 4, 14, 1119, 1),
	(998, 4, 14, 1120, 1),
	(999, 4, 14, 1121, 1),
	(1000, 4, 14, 1122, 1),
	(1001, 4, 14, 1123, 1),
	(1002, 4, 14, 1125, 1),
	(1003, 4, 14, 1126, 1),
	(1004, 4, 14, 1127, 1),
	(1005, 4, 14, 1128, 1),
	(1006, 4, 14, 1129, 1),
	(1007, 4, 14, 1130, 1),
	(1008, 4, 14, 1131, 1),
	(1009, 4, 14, 1132, 1),
	(1010, 4, 14, 1133, 1),
	(1011, 4, 14, 1134, 1),
	(1012, 4, 14, 1135, 1),
	(1013, 4, 14, 1136, 1),
	(1014, 4, 14, 1137, 1),
	(1015, 4, 14, 1138, 1),
	(1016, 4, 14, 1139, 1),
	(1017, 4, 14, 1140, 1),
	(1018, 4, 14, 1141, 1),
	(1019, 4, 14, 1142, 1),
	(1020, 4, 14, 1143, 1),
	(1021, 4, 14, 1144, 1),
	(1022, 4, 14, 1145, 1),
	(1023, 4, 14, 1146, 1),
	(1024, 4, 14, 1147, 1),
	(1025, 4, 14, 1148, 1),
	(1026, 4, 14, 1149, 1),
	(1027, 4, 14, 1150, 1),
	(1028, 4, 14, 1151, 1),
	(1029, 4, 14, 1152, 1),
	(1030, 4, 14, 1153, 1),
	(1031, 4, 14, 1154, 1),
	(1032, 4, 14, 1155, 1),
	(1033, 4, 14, 1156, 1),
	(1034, 4, 14, 1157, 1),
	(1035, 4, 14, 1158, 1),
	(1036, 4, 14, 1159, 1),
	(1037, 4, 14, 1160, 1),
	(1038, 4, 14, 1161, 1),
	(1039, 4, 14, 1162, 1),
	(1040, 4, 14, 1163, 1),
	(1041, 4, 14, 1164, 1),
	(1042, 4, 14, 1165, 1),
	(1043, 4, 14, 1166, 1),
	(1044, 4, 14, 1167, 1),
	(1045, 4, 14, 1168, 1),
	(1046, 4, 14, 1169, 1),
	(1047, 4, 14, 1170, 1),
	(1048, 4, 14, 1171, 1),
	(1049, 4, 14, 1172, 1),
	(1050, 4, 14, 1173, 1),
	(1051, 4, 14, 1174, 1),
	(1052, 4, 14, 1175, 1),
	(1053, 4, 14, 1176, 1),
	(1054, 4, 14, 1177, 1),
	(1055, 4, 14, 1178, 1),
	(1056, 4, 14, 1179, 1),
	(1057, 4, 14, 1180, 1),
	(1058, 4, 14, 1181, 1),
	(1059, 4, 14, 1182, 1),
	(1060, 4, 14, 1183, 1),
	(1061, 4, 14, 1184, 1),
	(1062, 4, 14, 1185, 1),
	(1063, 4, 14, 1186, 1),
	(1064, 4, 14, 1187, 1),
	(1065, 4, 14, 1188, 1),
	(1066, 4, 14, 1189, 1),
	(1067, 4, 14, 1190, 1),
	(1068, 4, 14, 1191, 1),
	(1069, 4, 14, 1192, 1),
	(1070, 4, 14, 1193, 1),
	(1071, 4, 14, 1194, 1),
	(1072, 4, 14, 1195, 1),
	(1073, 4, 14, 1196, 1),
	(1074, 4, 14, 1197, 1),
	(1075, 4, 14, 1198, 1),
	(1076, 4, 14, 1199, 1),
	(1077, 4, 14, 1200, 1),
	(1078, 4, 14, 1201, 1),
	(1079, 4, 14, 1202, 1),
	(1080, 4, 14, 1203, 1),
	(1081, 4, 14, 1204, 1),
	(1082, 4, 14, 1205, 1),
	(1083, 4, 14, 1206, 1),
	(1084, 4, 14, 1207, 1),
	(1085, 4, 14, 1208, 1),
	(1086, 4, 14, 1209, 1),
	(1087, 4, 14, 1210, 1),
	(1088, 4, 14, 1211, 1),
	(1089, 4, 14, 1212, 1),
	(1090, 4, 14, 1213, 1),
	(1091, 4, 14, 1214, 1),
	(1092, 4, 14, 1215, 1),
	(1093, 4, 14, 1216, 1),
	(1094, 4, 14, 1217, 1),
	(1095, 4, 14, 1218, 1),
	(1096, 4, 14, 1219, 1),
	(1097, 4, 14, 1220, 1),
	(1098, 4, 14, 1221, 1),
	(1099, 4, 14, 1222, 1),
	(1100, 4, 14, 1223, 1),
	(1101, 4, 14, 1224, 1),
	(1102, 4, 14, 1225, 1),
	(1103, 4, 14, 1226, 1),
	(1104, 4, 14, 1227, 1),
	(1105, 4, 14, 1228, 1),
	(1106, 4, 14, 1229, 1),
	(1107, 4, 14, 1230, 1),
	(1108, 4, 14, 1231, 1),
	(1109, 4, 14, 1232, 1),
	(1110, 4, 14, 1233, 1),
	(1111, 4, 14, 1234, 1),
	(1112, 4, 14, 1235, 1),
	(1113, 4, 14, 1236, 1),
	(1114, 4, 14, 1237, 1),
	(1115, 4, 14, 1238, 1),
	(1116, 4, 14, 1239, 1),
	(1117, 4, 14, 1240, 1),
	(1118, 4, 14, 1241, 1),
	(1119, 4, 14, 1242, 1),
	(1120, 4, 14, 1243, 1),
	(1121, 4, 14, 1244, 1),
	(1122, 4, 14, 1245, 1),
	(1123, 4, 14, 1246, 1),
	(1124, 4, 14, 1247, 1),
	(1125, 4, 14, 1248, 1),
	(1126, 4, 14, 1249, 1),
	(1127, 4, 14, 1250, 1),
	(1128, 4, 14, 1251, 1),
	(1129, 4, 14, 1252, 1),
	(1130, 4, 14, 1253, 1),
	(1131, 4, 14, 1254, 1),
	(1132, 4, 14, 1255, 1),
	(1133, 4, 14, 1256, 1),
	(1134, 4, 14, 1257, 1),
	(1135, 4, 14, 1258, 1),
	(1136, 4, 14, 1259, 1),
	(1137, 4, 14, 1260, 1),
	(1138, 4, 14, 1261, 1),
	(1139, 4, 14, 1262, 1),
	(1140, 4, 14, 1263, 1),
	(1141, 4, 14, 1264, 1),
	(1142, 4, 14, 1265, 1),
	(1143, 4, 14, 1266, 1),
	(1144, 4, 14, 1267, 1),
	(1145, 4, 14, 1268, 1),
	(1146, 4, 14, 1269, 1),
	(1147, 4, 14, 1270, 1),
	(1148, 4, 14, 1271, 1),
	(1149, 4, 14, 1272, 1),
	(1150, 4, 14, 1273, 1),
	(1151, 4, 14, 1274, 1),
	(1152, 4, 14, 1275, 1),
	(1153, 4, 14, 1276, 1),
	(1154, 4, 14, 1277, 1),
	(1155, 4, 14, 1278, 1),
	(1156, 4, 14, 1279, 1),
	(1157, 4, 14, 1280, 1),
	(1158, 4, 14, 1281, 1),
	(1159, 4, 14, 1282, 1),
	(1160, 4, 14, 1283, 1),
	(1161, 4, 14, 1284, 1),
	(1162, 4, 22, 1587, 1),
	(1163, 4, 22, 1588, 1),
	(1164, 4, 22, 1589, 1),
	(1165, 4, 22, 1590, 1),
	(1166, 4, 22, 1591, 1),
	(1167, 4, 22, 1592, 1),
	(1168, 4, 22, 1593, 1),
	(1169, 4, 22, 1594, 1),
	(1170, 4, 22, 1595, 1),
	(1171, 4, 22, 1596, 1),
	(1172, 4, 22, 1597, 1),
	(1173, 4, 22, 1598, 1),
	(1174, 4, 22, 1599, 1),
	(1175, 4, 22, 1600, 1),
	(1176, 4, 22, 1601, 1),
	(1177, 4, 22, 1602, 1),
	(1178, 4, 22, 1603, 1),
	(1179, 4, 22, 1604, 1),
	(1180, 4, 22, 1605, 1),
	(1181, 4, 22, 1606, 1),
	(1182, 4, 22, 1607, 1),
	(1183, 4, 22, 1608, 1),
	(1184, 4, 22, 1609, 1),
	(1185, 4, 22, 1610, 1),
	(1186, 4, 22, 1611, 1),
	(1187, 4, 22, 1612, 1),
	(1188, 4, 22, 1613, 1),
	(1189, 4, 22, 1614, 1),
	(1190, 4, 22, 1615, 1),
	(1191, 4, 22, 1616, 1),
	(1192, 4, 22, 1617, 1),
	(1193, 4, 22, 1618, 1),
	(1194, 4, 22, 1619, 1),
	(1195, 4, 22, 1620, 1),
	(1196, 4, 22, 1621, 1),
	(1197, 4, 22, 1622, 1),
	(1198, 4, 22, 1623, 1),
	(1199, 4, 22, 1624, 1),
	(1200, 4, 22, 1625, 1),
	(1201, 4, 22, 1626, 1),
	(1202, 4, 22, 1627, 1),
	(1203, 4, 22, 1628, 1),
	(1204, 4, 22, 1629, 1),
	(1205, 4, 22, 1630, 1),
	(1206, 4, 22, 1631, 1),
	(1207, 4, 22, 1632, 1),
	(1208, 4, 22, 1633, 1),
	(1209, 4, 22, 1634, 1),
	(1210, 4, 22, 1635, 1),
	(1211, 4, 22, 1636, 1),
	(1212, 4, 22, 1637, 1),
	(1213, 4, 22, 1638, 1),
	(1214, 4, 22, 1639, 1),
	(1215, 4, 22, 1640, 1),
	(1216, 4, 22, 1641, 1),
	(1217, 4, 22, 1642, 1),
	(1218, 4, 22, 1643, 1),
	(1219, 4, 22, 1644, 1),
	(1220, 4, 22, 1645, 1),
	(1221, 4, 22, 1646, 1),
	(1222, 4, 22, 1647, 1),
	(1223, 4, 22, 1648, 1),
	(1224, 4, 22, 1649, 1),
	(1225, 4, 22, 1650, 1),
	(1226, 4, 22, 1651, 1),
	(1227, 4, 22, 1652, 1),
	(1228, 4, 22, 1653, 1),
	(1229, 4, 22, 1654, 1),
	(1230, 4, 22, 1655, 1),
	(1231, 4, 22, 1656, 1),
	(1232, 4, 22, 1657, 1),
	(1233, 4, 22, 1658, 1),
	(1234, 4, 22, 1659, 1),
	(1235, 4, 22, 1660, 1),
	(1236, 4, 22, 1661, 1),
	(1237, 4, 22, 1662, 1),
	(1238, 4, 22, 1663, 1),
	(1239, 4, 22, 1664, 1),
	(1240, 4, 22, 1665, 1),
	(1241, 4, 22, 1666, 1),
	(1242, 4, 22, 1667, 1),
	(1243, 4, 22, 1668, 1),
	(1244, 4, 22, 1669, 1),
	(1245, 4, 22, 1670, 1),
	(1246, 4, 22, 1671, 1),
	(1247, 4, 22, 1672, 1),
	(1248, 4, 22, 1673, 1),
	(1249, 5, 12, 901, 1),
	(1250, 5, 12, 902, 1),
	(1251, 5, 12, 903, 1),
	(1252, 5, 12, 904, 1),
	(1253, 5, 12, 905, 1),
	(1254, 5, 12, 906, 1),
	(1255, 5, 12, 907, 1),
	(1256, 5, 12, 908, 1),
	(1257, 5, 12, 909, 1),
	(1258, 5, 12, 910, 1),
	(1259, 5, 12, 911, 1),
	(1260, 5, 12, 912, 1),
	(1261, 5, 12, 913, 1),
	(1262, 5, 12, 914, 1),
	(1263, 5, 12, 915, 1),
	(1264, 5, 12, 916, 1),
	(1265, 5, 12, 917, 1),
	(1266, 5, 12, 918, 1),
	(1267, 5, 12, 919, 1),
	(1268, 5, 12, 920, 1),
	(1269, 5, 12, 921, 1),
	(1270, 5, 12, 922, 1),
	(1271, 5, 12, 923, 1),
	(1272, 5, 12, 924, 1),
	(1273, 5, 12, 925, 1),
	(1274, 5, 12, 926, 1),
	(1275, 5, 12, 927, 1),
	(1276, 5, 12, 928, 1),
	(1277, 5, 12, 929, 1),
	(1278, 5, 12, 930, 1),
	(1279, 5, 12, 931, 1),
	(1280, 5, 12, 932, 1),
	(1281, 5, 12, 933, 1),
	(1282, 5, 12, 934, 1),
	(1283, 5, 12, 935, 1),
	(1284, 5, 12, 936, 1),
	(1285, 5, 12, 937, 1),
	(1286, 5, 12, 938, 1),
	(1287, 5, 12, 939, 1),
	(1288, 5, 12, 940, 1),
	(1289, 5, 12, 941, 1),
	(1290, 5, 12, 942, 1),
	(1291, 5, 12, 943, 1),
	(1292, 5, 12, 944, 1),
	(1293, 5, 12, 945, 1),
	(1294, 5, 12, 946, 1),
	(1295, 5, 12, 947, 1),
	(1296, 5, 12, 948, 1),
	(1297, 5, 12, 949, 1),
	(1298, 5, 12, 950, 1),
	(1299, 5, 12, 951, 1),
	(1300, 5, 12, 952, 1),
	(1301, 5, 12, 953, 1),
	(1302, 5, 12, 954, 1),
	(1303, 5, 12, 955, 1),
	(1304, 5, 12, 956, 1),
	(1305, 5, 12, 957, 1),
	(1306, 5, 12, 958, 1),
	(1307, 5, 12, 959, 1),
	(1308, 5, 12, 960, 1),
	(1309, 5, 12, 961, 1),
	(1310, 5, 12, 962, 1),
	(1311, 5, 12, 963, 1),
	(1312, 5, 12, 964, 1),
	(1313, 5, 12, 965, 1),
	(1314, 5, 12, 966, 1),
	(1315, 5, 12, 967, 1),
	(1316, 5, 12, 968, 1),
	(1317, 5, 12, 969, 1),
	(1318, 5, 12, 970, 1),
	(1319, 5, 12, 971, 1),
	(1320, 5, 12, 972, 1),
	(1321, 5, 12, 973, 1),
	(1322, 5, 12, 974, 1),
	(1323, 5, 12, 975, 1),
	(1324, 5, 12, 976, 1),
	(1325, 5, 12, 977, 1),
	(1326, 5, 12, 978, 1),
	(1327, 5, 12, 979, 1),
	(1328, 5, 12, 980, 1),
	(1329, 5, 12, 981, 1),
	(1330, 5, 12, 982, 1),
	(1331, 5, 12, 983, 1),
	(1332, 5, 12, 984, 1),
	(1333, 5, 12, 985, 1),
	(1334, 5, 12, 986, 1),
	(1335, 5, 12, 987, 1),
	(1336, 5, 12, 988, 1),
	(1337, 5, 12, 989, 1),
	(1338, 5, 12, 990, 1),
	(1339, 5, 12, 991, 1),
	(1340, 5, 12, 992, 1),
	(1341, 5, 12, 993, 1),
	(1342, 5, 12, 994, 1),
	(1343, 5, 12, 995, 1),
	(1344, 5, 12, 996, 1),
	(1345, 5, 12, 997, 1),
	(1346, 5, 12, 998, 1),
	(1347, 5, 12, 999, 1),
	(1348, 5, 12, 1000, 1),
	(1349, 5, 12, 1001, 1),
	(1350, 5, 12, 1003, 1),
	(1351, 5, 12, 1004, 1),
	(1352, 5, 12, 1005, 1),
	(1353, 5, 12, 1006, 1),
	(1354, 5, 12, 1007, 1),
	(1355, 5, 12, 1008, 1),
	(1356, 5, 12, 1009, 1),
	(1357, 5, 12, 1010, 1),
	(1358, 5, 12, 1011, 1),
	(1359, 5, 12, 1012, 1),
	(1360, 5, 12, 1013, 1),
	(1361, 5, 12, 1014, 1),
	(1362, 5, 12, 1015, 1),
	(1363, 5, 12, 1016, 1),
	(1364, 5, 12, 1017, 1),
	(1365, 5, 12, 1018, 1),
	(1366, 5, 12, 1019, 1),
	(1367, 5, 12, 1020, 1),
	(1368, 5, 12, 1021, 1),
	(1369, 5, 12, 1022, 1),
	(1370, 5, 12, 1023, 1),
	(1371, 5, 12, 1024, 1),
	(1372, 5, 12, 1025, 1),
	(1373, 5, 12, 1026, 1),
	(1374, 5, 23, 1674, 1),
	(1375, 5, 23, 1675, 1),
	(1376, 5, 23, 1676, 1),
	(1377, 5, 23, 1677, 1),
	(1378, 5, 23, 1678, 1),
	(1379, 5, 23, 1679, 1),
	(1380, 5, 23, 1680, 1),
	(1381, 5, 23, 1681, 1),
	(1382, 5, 23, 1682, 1),
	(1383, 5, 23, 1683, 1),
	(1384, 5, 23, 1684, 1),
	(1385, 5, 23, 1685, 1),
	(1386, 5, 23, 1686, 1),
	(1387, 5, 23, 1687, 1),
	(1388, 5, 23, 1688, 1),
	(1389, 5, 23, 1689, 1),
	(1390, 5, 23, 1690, 1),
	(1391, 5, 23, 1691, 1),
	(1392, 5, 23, 1692, 1),
	(1393, 5, 23, 1693, 1),
	(1394, 5, 23, 1694, 1),
	(1395, 5, 23, 1695, 1),
	(1396, 5, 23, 1696, 1),
	(1397, 5, 23, 1697, 1),
	(1398, 5, 23, 1698, 1),
	(1399, 5, 23, 1699, 1),
	(1400, 5, 23, 1700, 1),
	(1401, 5, 23, 1701, 1),
	(1402, 5, 23, 1702, 1),
	(1403, 5, 23, 1703, 1),
	(1404, 5, 23, 1704, 1),
	(1405, 5, 23, 1705, 1),
	(1406, 5, 23, 1706, 1),
	(1407, 5, 23, 1707, 1),
	(1408, 5, 23, 1708, 1),
	(1409, 5, 23, 1709, 1),
	(1410, 5, 23, 1710, 1),
	(1411, 5, 23, 1711, 1),
	(1412, 5, 23, 1712, 1),
	(1413, 5, 23, 1713, 1),
	(1414, 5, 23, 1714, 1),
	(1415, 5, 23, 1715, 1),
	(1416, 5, 23, 1716, 1),
	(1417, 5, 23, 1717, 1),
	(1418, 5, 23, 1718, 1),
	(1419, 5, 23, 1719, 1),
	(1420, 5, 23, 1720, 1),
	(1421, 5, 23, 1721, 1),
	(1422, 5, 23, 1722, 1),
	(1423, 5, 23, 1723, 1),
	(1424, 5, 23, 1724, 1),
	(1425, 5, 23, 1725, 1),
	(1426, 5, 23, 1726, 1),
	(1427, 5, 23, 1727, 1),
	(1428, 5, 23, 1728, 1),
	(1429, 5, 23, 1729, 1),
	(1430, 5, 23, 1730, 1),
	(1431, 5, 23, 1731, 1),
	(1432, 5, 23, 1732, 1),
	(1433, 5, 23, 1733, 1),
	(1434, 5, 23, 1734, 1),
	(1435, 5, 23, 1735, 1),
	(1436, 5, 23, 1736, 1),
	(1437, 5, 23, 1737, 1),
	(1438, 5, 23, 1738, 1),
	(1439, 5, 23, 1739, 1),
	(1440, 5, 23, 1740, 1),
	(1441, 5, 23, 1741, 1),
	(1442, 5, 23, 1742, 1),
	(1443, 5, 23, 1743, 1),
	(1444, 5, 23, 1744, 1),
	(1445, 5, 23, 1745, 1),
	(1446, 5, 23, 1746, 1),
	(1447, 5, 23, 1747, 1),
	(1448, 5, 23, 1748, 1),
	(1449, 5, 23, 1749, 1),
	(1450, 5, 23, 1750, 1),
	(1451, 5, 23, 1751, 1),
	(1452, 5, 23, 1752, 1),
	(1453, 5, 23, 1753, 1),
	(1454, 5, 23, 1754, 1),
	(1455, 5, 23, 1755, 1),
	(1456, 5, 23, 1756, 1),
	(1457, 5, 23, 1757, 1),
	(1458, 5, 23, 1758, 1),
	(1459, 5, 23, 1759, 1),
	(1460, 5, 23, 1760, 1),
	(1461, 5, 23, 1761, 1),
	(1462, 5, 23, 1762, 1),
	(1463, 5, 23, 1763, 1),
	(1464, 5, 23, 1764, 1),
	(1465, 5, 23, 1765, 1),
	(1466, 5, 23, 1766, 1),
	(1467, 5, 23, 1767, 1),
	(1468, 5, 23, 1768, 1),
	(1469, 5, 23, 1769, 1),
	(1470, 5, 23, 1770, 1),
	(1471, 5, 23, 1771, 1),
	(1472, 5, 23, 1772, 1),
	(1473, 5, 23, 1773, 1),
	(1474, 5, 23, 1774, 1),
	(1475, 5, 23, 1775, 1),
	(1476, 5, 23, 1776, 1),
	(1477, 5, 23, 1777, 1),
	(1478, 5, 23, 1778, 1),
	(1479, 5, 23, 1779, 1),
	(1480, 5, 23, 1780, 1),
	(1481, 5, 23, 1781, 1),
	(1482, 5, 23, 1782, 1),
	(1483, 5, 23, 1783, 1),
	(1484, 5, 23, 1784, 1),
	(1485, 5, 23, 1785, 1),
	(1486, 5, 23, 1786, 1),
	(1487, 5, 23, 1787, 1),
	(1488, 5, 23, 1788, 1),
	(1489, 5, 23, 1789, 1),
	(1490, 5, 23, 1790, 1),
	(1491, 5, 23, 1791, 1),
	(1492, 5, 23, 1792, 1),
	(1493, 5, 23, 1793, 1),
	(1494, 5, 23, 1794, 1),
	(1495, 6, 1, 1, 1),
	(1496, 6, 1, 2, 1),
	(1497, 6, 1, 3, 1),
	(1498, 6, 1, 4, 1),
	(1499, 6, 1, 5, 1),
	(1500, 6, 1, 6, 1),
	(1501, 6, 1, 7, 1),
	(1502, 6, 1, 8, 1),
	(1503, 6, 1, 9, 1),
	(1504, 6, 1, 10, 1),
	(1505, 6, 1, 11, 1),
	(1506, 6, 1, 12, 1),
	(1507, 6, 1, 13, 1),
	(1508, 6, 1, 14, 1),
	(1509, 6, 1, 15, 1),
	(1510, 6, 1, 16, 1),
	(1511, 6, 1, 17, 1),
	(1512, 6, 1, 18, 1),
	(1513, 6, 1, 19, 1),
	(1514, 6, 1, 20, 1),
	(1515, 6, 1, 21, 1),
	(1516, 6, 1, 22, 1),
	(1517, 6, 1, 23, 1),
	(1518, 6, 1, 24, 1),
	(1519, 6, 1, 25, 1),
	(1520, 6, 1, 26, 1),
	(1521, 6, 1, 27, 1),
	(1522, 6, 1, 28, 1),
	(1523, 6, 1, 29, 1),
	(1524, 6, 1, 30, 1),
	(1525, 6, 1, 31, 1),
	(1526, 6, 1, 32, 1),
	(1527, 6, 1, 33, 1),
	(1528, 6, 1, 34, 1),
	(1529, 6, 1, 35, 1),
	(1530, 6, 1, 36, 1),
	(1531, 6, 1, 37, 1),
	(1532, 6, 1, 38, 1),
	(1533, 6, 1, 39, 1),
	(1534, 6, 1, 40, 1),
	(1535, 6, 1, 41, 1),
	(1536, 6, 1, 42, 1),
	(1537, 6, 4, 287, 1),
	(1538, 6, 4, 288, 1),
	(1539, 6, 4, 289, 1),
	(1540, 6, 4, 290, 1),
	(1541, 6, 4, 291, 1),
	(1542, 6, 4, 292, 1),
	(1543, 6, 4, 293, 1),
	(1544, 6, 4, 294, 1),
	(1545, 6, 4, 295, 1),
	(1546, 6, 4, 296, 1),
	(1547, 6, 4, 297, 1),
	(1548, 6, 4, 298, 1),
	(1549, 6, 4, 299, 1),
	(1550, 6, 4, 300, 1),
	(1551, 6, 4, 301, 1),
	(1552, 6, 4, 302, 1),
	(1553, 6, 4, 303, 1),
	(1554, 6, 4, 304, 1),
	(1555, 6, 4, 305, 1),
	(1556, 6, 4, 306, 1),
	(1557, 6, 4, 307, 1),
	(1558, 6, 4, 308, 1),
	(1559, 6, 4, 309, 1),
	(1560, 6, 4, 310, 1),
	(1561, 6, 4, 311, 1),
	(1562, 6, 4, 312, 1),
	(1563, 6, 4, 313, 1),
	(1564, 6, 4, 314, 1),
	(1565, 6, 4, 315, 1),
	(1566, 6, 4, 316, 1),
	(1567, 6, 4, 317, 1),
	(1568, 6, 4, 318, 1),
	(1569, 6, 4, 319, 1),
	(1570, 6, 4, 320, 1),
	(1571, 6, 4, 321, 1),
	(1572, 6, 4, 322, 1),
	(1573, 6, 4, 323, 1),
	(1574, 6, 4, 324, 1),
	(1575, 6, 4, 325, 1),
	(1576, 6, 4, 326, 1),
	(1577, 6, 4, 327, 1),
	(1578, 6, 4, 328, 1),
	(1579, 6, 24, 1795, 1),
	(1580, 6, 24, 1796, 1),
	(1581, 6, 24, 1797, 1),
	(1582, 6, 24, 1798, 1),
	(1583, 6, 24, 1799, 1),
	(1584, 6, 24, 1800, 1),
	(1585, 6, 24, 1801, 1),
	(1586, 6, 24, 1802, 1),
	(1587, 6, 24, 1803, 1),
	(1588, 6, 24, 1804, 1),
	(1589, 6, 24, 1805, 1),
	(1590, 6, 24, 1806, 1),
	(1591, 6, 24, 1807, 1),
	(1592, 6, 24, 1808, 1),
	(1593, 6, 24, 1809, 1),
	(1594, 6, 24, 1810, 1),
	(1595, 6, 24, 1811, 1),
	(1596, 6, 24, 1812, 1),
	(1597, 6, 24, 1813, 1),
	(1598, 6, 24, 1814, 1),
	(1599, 6, 24, 1815, 1),
	(1600, 6, 24, 1816, 1),
	(1601, 6, 24, 1817, 1),
	(1602, 6, 24, 1818, 1),
	(1603, 6, 24, 1819, 1),
	(1604, 6, 24, 1820, 1),
	(1605, 6, 24, 1821, 1),
	(1606, 6, 24, 1822, 1),
	(1607, 6, 24, 1823, 1),
	(1608, 6, 24, 1824, 1),
	(1609, 6, 24, 1825, 1),
	(1610, 6, 24, 1826, 1),
	(1611, 6, 24, 1827, 1),
	(1612, 6, 24, 1828, 1),
	(1613, 6, 24, 1829, 1),
	(1614, 6, 24, 1830, 1),
	(1615, 6, 24, 1831, 1),
	(1616, 6, 24, 1832, 1),
	(1617, 6, 24, 1833, 1),
	(1618, 6, 24, 1834, 1),
	(1619, 6, 24, 1835, 1),
	(1620, 7, 3, 173, 1),
	(1621, 7, 3, 174, 1),
	(1622, 7, 3, 175, 1),
	(1623, 7, 3, 176, 1),
	(1624, 7, 3, 177, 1),
	(1625, 7, 3, 178, 1),
	(1626, 7, 3, 179, 1),
	(1627, 7, 3, 180, 1),
	(1628, 7, 3, 181, 1),
	(1629, 7, 3, 182, 1),
	(1630, 7, 3, 183, 1),
	(1631, 7, 3, 184, 1),
	(1632, 7, 3, 185, 1),
	(1633, 7, 3, 186, 1),
	(1634, 7, 3, 187, 1),
	(1635, 7, 3, 188, 1),
	(1636, 7, 3, 189, 1),
	(1637, 7, 3, 190, 1),
	(1638, 7, 3, 191, 1),
	(1639, 7, 3, 192, 1),
	(1640, 7, 3, 193, 1),
	(1641, 7, 3, 194, 1),
	(1642, 7, 3, 195, 1),
	(1643, 7, 3, 196, 1),
	(1644, 7, 3, 197, 1),
	(1645, 7, 3, 198, 1),
	(1646, 7, 3, 199, 1),
	(1647, 7, 3, 200, 1),
	(1648, 7, 3, 201, 1),
	(1649, 7, 3, 202, 1),
	(1650, 7, 3, 203, 1),
	(1651, 7, 3, 204, 1),
	(1652, 7, 3, 205, 1),
	(1653, 7, 3, 206, 1),
	(1654, 7, 3, 207, 1),
	(1655, 7, 3, 208, 1),
	(1656, 7, 3, 209, 1),
	(1657, 7, 3, 210, 1),
	(1658, 7, 3, 211, 1),
	(1659, 7, 3, 212, 1),
	(1660, 7, 3, 213, 1),
	(1661, 7, 3, 214, 1),
	(1662, 7, 3, 215, 1),
	(1663, 7, 3, 216, 1),
	(1664, 7, 3, 217, 1),
	(1665, 7, 3, 218, 1),
	(1666, 7, 3, 219, 1),
	(1667, 7, 3, 220, 1),
	(1668, 7, 3, 221, 1),
	(1669, 7, 3, 222, 1),
	(1670, 7, 3, 223, 1),
	(1671, 7, 3, 224, 1),
	(1672, 7, 3, 225, 1),
	(1673, 7, 3, 226, 1),
	(1674, 7, 3, 227, 1),
	(1675, 7, 3, 228, 1),
	(1676, 7, 3, 229, 1),
	(1677, 7, 3, 230, 1),
	(1678, 7, 3, 231, 1),
	(1679, 7, 3, 232, 1),
	(1680, 7, 3, 233, 1),
	(1681, 7, 3, 234, 1),
	(1682, 7, 3, 235, 1),
	(1683, 7, 3, 236, 1),
	(1684, 7, 3, 237, 1),
	(1685, 7, 3, 238, 1),
	(1686, 7, 3, 239, 1),
	(1687, 7, 3, 240, 1),
	(1688, 7, 3, 241, 1),
	(1689, 7, 3, 242, 1),
	(1690, 7, 3, 243, 1),
	(1691, 7, 3, 244, 1),
	(1692, 7, 3, 245, 1),
	(1693, 7, 3, 246, 1),
	(1694, 7, 3, 247, 1),
	(1695, 7, 3, 248, 1),
	(1696, 7, 3, 249, 1),
	(1697, 7, 3, 250, 1),
	(1698, 7, 3, 251, 1),
	(1699, 7, 3, 252, 1),
	(1700, 7, 3, 253, 1),
	(1701, 7, 3, 254, 1),
	(1702, 7, 3, 255, 1),
	(1703, 7, 3, 256, 1),
	(1704, 7, 3, 257, 1),
	(1705, 7, 3, 258, 1),
	(1706, 7, 3, 259, 1),
	(1707, 7, 3, 260, 1),
	(1708, 7, 3, 261, 1),
	(1709, 7, 3, 262, 1),
	(1710, 7, 3, 263, 1),
	(1711, 7, 3, 264, 1),
	(1712, 7, 3, 265, 1),
	(1713, 7, 3, 266, 1),
	(1714, 7, 3, 267, 1),
	(1715, 7, 3, 268, 1),
	(1716, 7, 3, 269, 1),
	(1717, 7, 3, 270, 1),
	(1718, 7, 3, 271, 1),
	(1719, 7, 3, 272, 1),
	(1720, 7, 3, 273, 1),
	(1721, 7, 3, 274, 1),
	(1722, 7, 3, 275, 1),
	(1723, 7, 3, 276, 1),
	(1724, 7, 3, 277, 1),
	(1725, 7, 3, 278, 1),
	(1726, 7, 3, 279, 1),
	(1727, 7, 3, 280, 1),
	(1728, 7, 3, 281, 1),
	(1729, 7, 3, 282, 1),
	(1730, 7, 3, 283, 1),
	(1731, 7, 3, 284, 1),
	(1732, 7, 3, 285, 1),
	(1733, 7, 3, 286, 1),
	(1734, 7, 3, 1977, 1),
	(1735, 7, 18, 1431, 1),
	(1736, 7, 18, 1432, 1),
	(1737, 7, 18, 1433, 1),
	(1738, 7, 18, 1434, 1),
	(1739, 7, 18, 1435, 1),
	(1740, 7, 18, 1436, 1),
	(1741, 7, 18, 1437, 1),
	(1742, 7, 18, 1438, 1),
	(1743, 7, 18, 1439, 1),
	(1744, 7, 18, 1440, 1),
	(1745, 7, 18, 1441, 1),
	(1746, 7, 18, 1442, 1),
	(1747, 7, 18, 1443, 1),
	(1748, 7, 18, 1444, 1),
	(1749, 7, 18, 1445, 1),
	(1750, 7, 18, 1446, 1),
	(1751, 7, 18, 1447, 1),
	(1752, 7, 18, 1448, 1),
	(1753, 7, 18, 1449, 1),
	(1754, 7, 18, 1450, 1),
	(1755, 7, 18, 1451, 1),
	(1756, 7, 18, 1452, 1),
	(1757, 7, 18, 1453, 1),
	(1758, 7, 18, 1454, 1),
	(1759, 7, 18, 1455, 1),
	(1760, 7, 18, 1456, 1),
	(1761, 7, 18, 1457, 1),
	(1762, 7, 18, 1458, 1),
	(1763, 7, 18, 1459, 1),
	(1764, 7, 18, 1460, 1),
	(1765, 7, 18, 1461, 1),
	(1766, 7, 18, 1462, 1),
	(1767, 7, 18, 1463, 1),
	(1768, 7, 18, 1464, 1),
	(1769, 7, 18, 1465, 1),
	(1770, 7, 18, 1466, 1),
	(1771, 7, 18, 1467, 1),
	(1772, 7, 18, 1468, 1),
	(1773, 7, 18, 1469, 1),
	(1774, 7, 18, 1470, 1),
	(1775, 7, 18, 1471, 1),
	(1776, 7, 18, 1472, 1),
	(1777, 7, 18, 1473, 1),
	(1778, 7, 18, 1474, 1),
	(1779, 7, 18, 1475, 1),
	(1780, 7, 18, 1476, 1),
	(1781, 7, 18, 1477, 1),
	(1782, 7, 18, 1478, 1),
	(1783, 7, 18, 1479, 1),
	(1784, 7, 18, 1480, 1),
	(1785, 7, 18, 1481, 1),
	(1786, 7, 18, 1482, 1),
	(1787, 7, 18, 1483, 1),
	(1788, 7, 18, 1484, 1),
	(1789, 7, 18, 1485, 1),
	(1790, 7, 18, 1486, 1),
	(1791, 7, 18, 1487, 1),
	(1792, 7, 18, 1488, 1),
	(1793, 7, 18, 1489, 1),
	(1794, 8, 2, 43, 1),
	(1795, 8, 2, 44, 1),
	(1796, 8, 2, 45, 1),
	(1797, 8, 2, 46, 1),
	(1798, 8, 2, 47, 1),
	(1799, 8, 2, 48, 1),
	(1800, 8, 2, 49, 1),
	(1801, 8, 2, 50, 1),
	(1802, 8, 2, 51, 1),
	(1803, 8, 2, 52, 1),
	(1804, 8, 2, 53, 1),
	(1805, 8, 2, 54, 1),
	(1806, 8, 2, 55, 1),
	(1807, 8, 2, 56, 1),
	(1808, 8, 2, 57, 1),
	(1809, 8, 2, 58, 1),
	(1810, 8, 2, 59, 1),
	(1811, 8, 2, 60, 1),
	(1812, 8, 2, 61, 1),
	(1813, 8, 2, 62, 1),
	(1814, 8, 2, 63, 1),
	(1815, 8, 2, 64, 1),
	(1816, 8, 2, 65, 1),
	(1817, 8, 2, 66, 1),
	(1818, 8, 2, 67, 1),
	(1819, 8, 2, 68, 1),
	(1820, 8, 2, 69, 1),
	(1821, 8, 2, 70, 1),
	(1822, 8, 2, 71, 1),
	(1823, 8, 2, 72, 1),
	(1824, 8, 2, 73, 1),
	(1825, 8, 2, 74, 1),
	(1826, 8, 2, 75, 1),
	(1827, 8, 2, 76, 1),
	(1828, 8, 2, 77, 1),
	(1829, 8, 2, 78, 1),
	(1830, 8, 2, 79, 1),
	(1831, 8, 2, 80, 1),
	(1832, 8, 2, 81, 1),
	(1833, 8, 2, 82, 1),
	(1834, 8, 2, 83, 1),
	(1835, 8, 2, 84, 1),
	(1836, 8, 2, 85, 1),
	(1837, 8, 2, 86, 1),
	(1838, 8, 2, 87, 1),
	(1839, 8, 2, 88, 1),
	(1840, 8, 2, 89, 1),
	(1841, 8, 2, 90, 1),
	(1842, 8, 2, 91, 1),
	(1843, 8, 2, 92, 1),
	(1844, 8, 2, 93, 1),
	(1845, 8, 2, 94, 1),
	(1846, 8, 2, 95, 1),
	(1847, 8, 2, 96, 1),
	(1848, 8, 2, 97, 1),
	(1849, 8, 2, 98, 1),
	(1850, 8, 2, 99, 1),
	(1851, 8, 2, 100, 1),
	(1852, 8, 2, 101, 1),
	(1853, 8, 2, 102, 1),
	(1854, 8, 2, 103, 1),
	(1855, 8, 2, 104, 1),
	(1856, 8, 2, 105, 1),
	(1857, 8, 2, 106, 1),
	(1858, 8, 2, 107, 1),
	(1859, 8, 2, 108, 1),
	(1860, 8, 2, 109, 1),
	(1861, 8, 2, 110, 1),
	(1862, 8, 2, 111, 1),
	(1863, 8, 2, 112, 1),
	(1864, 8, 2, 113, 1),
	(1865, 8, 2, 114, 1),
	(1866, 8, 2, 115, 1),
	(1867, 8, 2, 116, 1),
	(1868, 8, 2, 117, 1),
	(1869, 8, 2, 119, 1),
	(1870, 8, 2, 120, 1),
	(1871, 8, 2, 121, 1),
	(1872, 8, 2, 122, 1),
	(1873, 8, 2, 123, 1),
	(1874, 8, 2, 124, 1),
	(1875, 8, 2, 125, 1),
	(1876, 8, 2, 126, 1),
	(1877, 8, 2, 127, 1),
	(1878, 8, 2, 128, 1),
	(1879, 8, 2, 129, 1),
	(1880, 8, 2, 130, 1),
	(1881, 8, 2, 131, 1),
	(1882, 8, 2, 132, 1),
	(1883, 8, 2, 133, 1),
	(1884, 8, 2, 134, 1),
	(1885, 8, 2, 135, 1),
	(1886, 8, 2, 136, 1),
	(1887, 8, 2, 137, 1),
	(1888, 8, 2, 138, 1),
	(1889, 8, 2, 139, 1),
	(1890, 8, 2, 140, 1),
	(1891, 8, 2, 141, 1),
	(1892, 8, 2, 142, 1),
	(1893, 8, 2, 143, 1),
	(1894, 8, 2, 144, 1),
	(1895, 8, 2, 145, 1),
	(1896, 8, 2, 146, 1),
	(1897, 8, 2, 147, 1),
	(1898, 8, 2, 148, 1),
	(1899, 8, 2, 149, 1),
	(1900, 8, 2, 150, 1),
	(1901, 8, 2, 151, 1),
	(1902, 8, 2, 152, 1),
	(1903, 8, 2, 153, 1),
	(1904, 8, 2, 154, 1),
	(1905, 8, 2, 155, 1),
	(1906, 8, 2, 156, 1),
	(1907, 8, 2, 157, 1),
	(1908, 8, 2, 158, 1),
	(1909, 8, 2, 159, 1),
	(1910, 8, 2, 160, 1),
	(1911, 8, 2, 161, 1),
	(1912, 8, 2, 162, 1),
	(1913, 8, 2, 163, 1),
	(1914, 8, 2, 164, 1),
	(1915, 8, 2, 165, 1),
	(1916, 8, 2, 166, 1),
	(1917, 8, 2, 167, 1),
	(1918, 8, 2, 168, 1),
	(1919, 8, 2, 169, 1),
	(1920, 8, 2, 170, 1),
	(1921, 8, 2, 171, 1),
	(1922, 8, 2, 172, 1),
	(1923, 8, 2, 1952, 1),
	(1924, 8, 2, 1953, 1),
	(1925, 8, 21, 1566, 1),
	(1926, 8, 21, 1567, 1),
	(1927, 8, 21, 1568, 1),
	(1928, 8, 21, 1569, 1),
	(1929, 8, 21, 1570, 1),
	(1930, 8, 21, 1571, 1),
	(1931, 8, 21, 1572, 1),
	(1932, 8, 21, 1573, 1),
	(1933, 8, 21, 1574, 1),
	(1934, 8, 21, 1575, 1),
	(1935, 8, 21, 1576, 1),
	(1936, 8, 21, 1577, 1),
	(1937, 8, 21, 1578, 1),
	(1938, 8, 21, 1579, 1),
	(1939, 8, 21, 1580, 1),
	(1940, 8, 21, 1581, 1),
	(1941, 8, 21, 1582, 1),
	(1942, 8, 21, 1583, 1),
	(1943, 8, 21, 1584, 1),
	(1944, 8, 21, 1585, 1),
	(1945, 8, 21, 1586, 1),
	(1946, 9, 9, 654, 1),
	(1947, 9, 9, 1978, 1),
	(1948, 9, 9, 1979, 1),
	(1949, 9, 9, 1980, 1),
	(1950, 9, 9, 1981, 1),
	(1951, 9, 9, 1982, 1),
	(1952, 9, 9, 1983, 1),
	(1953, 9, 9, 1984, 1),
	(1954, 9, 9, 1985, 1),
	(1955, 9, 9, 1986, 1),
	(1956, 9, 9, 1987, 1),
	(1957, 9, 9, 1988, 1),
	(1958, 9, 9, 1989, 1),
	(1959, 9, 9, 1990, 1),
	(1960, 9, 9, 1991, 1),
	(1961, 9, 9, 1992, 1),
	(1962, 9, 9, 1993, 1),
	(1963, 9, 9, 1994, 1),
	(1964, 9, 9, 1995, 1),
	(1965, 9, 9, 1996, 1),
	(1966, 9, 9, 1997, 1),
	(1967, 9, 9, 1998, 1),
	(1968, 9, 9, 1999, 1),
	(1969, 9, 9, 2000, 1),
	(1970, 9, 9, 2001, 1),
	(1971, 9, 9, 2002, 1),
	(1972, 9, 9, 2003, 1),
	(1973, 9, 9, 2004, 1),
	(1974, 9, 9, 2005, 1),
	(1975, 9, 9, 2006, 1),
	(1976, 9, 9, 2007, 1),
	(1977, 9, 9, 2008, 1),
	(1978, 9, 9, 2009, 1),
	(1979, 9, 9, 2010, 1),
	(1980, 9, 9, 2011, 1),
	(1981, 9, 9, 2012, 1),
	(1982, 9, 9, 2013, 1),
	(1983, 9, 9, 2014, 1),
	(1984, 9, 9, 2015, 1),
	(1985, 9, 9, 2016, 1),
	(1986, 9, 9, 2017, 1),
	(1987, 9, 9, 2018, 1),
	(1988, 9, 9, 2019, 1),
	(1989, 9, 9, 2020, 1),
	(1990, 9, 9, 2021, 1),
	(1991, 9, 9, 2022, 1),
	(1992, 9, 9, 2023, 1),
	(1993, 9, 9, 2024, 1),
	(1994, 9, 9, 2025, 1),
	(1995, 9, 9, 2026, 1),
	(1996, 9, 9, 2027, 1),
	(1997, 9, 9, 2028, 1),
	(1998, 9, 9, 2029, 1),
	(1999, 9, 9, 2030, 1),
	(2000, 9, 9, 2031, 1),
	(2001, 9, 9, 2032, 1),
	(2002, 9, 9, 2033, 1),
	(2003, 9, 9, 2034, 1),
	(2004, 9, 9, 2035, 1),
	(2005, 9, 9, 2036, 1),
	(2006, 9, 13, 1027, 1),
	(2007, 9, 13, 1028, 1),
	(2008, 9, 13, 1029, 1),
	(2009, 9, 13, 1030, 1),
	(2010, 9, 13, 1031, 1),
	(2011, 9, 13, 2037, 1),
	(2012, 9, 13, 2038, 1),
	(2013, 9, 13, 2039, 1),
	(2014, 9, 13, 2040, 1),
	(2015, 9, 13, 2041, 1),
	(2016, 9, 13, 2042, 1),
	(2017, 9, 13, 2043, 1),
	(2018, 9, 13, 2044, 1),
	(2019, 9, 13, 2045, 1),
	(2020, 9, 13, 2046, 1),
	(2021, 9, 13, 2047, 1),
	(2022, 9, 13, 2048, 1),
	(2023, 9, 13, 2049, 1),
	(2024, 9, 13, 2050, 1),
	(2025, 9, 13, 2051, 1),
	(2026, 9, 13, 2052, 1),
	(2027, 9, 13, 2053, 1),
	(2028, 9, 13, 2054, 1),
	(2029, 9, 13, 2055, 1),
	(2030, 9, 13, 2056, 1),
	(2031, 9, 13, 2057, 1),
	(2032, 9, 13, 2058, 1),
	(2033, 9, 13, 2059, 1),
	(2034, 9, 13, 2060, 1),
	(2035, 9, 13, 2061, 1),
	(2036, 9, 13, 2063, 1),
	(2037, 9, 13, 2064, 1),
	(2038, 9, 13, 2065, 1),
	(2039, 9, 13, 2066, 1),
	(2040, 9, 13, 2067, 1),
	(2041, 9, 13, 2068, 1),
	(2042, 9, 13, 2069, 1),
	(2043, 9, 13, 2070, 1),
	(2044, 9, 13, 2071, 1),
	(2045, 9, 13, 2072, 1),
	(2046, 9, 13, 2073, 1),
	(2047, 9, 13, 2074, 1),
	(2048, 9, 13, 2075, 1),
	(2049, 9, 15, 1285, 1),
	(2050, 9, 15, 1286, 1),
	(2051, 9, 15, 2172, 1),
	(2052, 9, 15, 2173, 1),
	(2053, 9, 15, 2174, 1),
	(2054, 9, 15, 2175, 1),
	(2055, 9, 15, 2176, 1),
	(2056, 9, 15, 2177, 1),
	(2057, 9, 15, 2178, 1),
	(2058, 9, 15, 2179, 1),
	(2059, 9, 15, 2180, 1),
	(2060, 9, 15, 2181, 1),
	(2061, 9, 15, 2182, 1),
	(2062, 9, 15, 2183, 1),
	(2063, 9, 15, 2184, 1),
	(2064, 9, 15, 2185, 1),
	(2065, 9, 15, 2186, 1),
	(2066, 9, 15, 2187, 1),
	(2067, 9, 15, 2188, 1),
	(2068, 9, 15, 2189, 1),
	(2069, 9, 15, 2190, 1),
	(2070, 9, 15, 2191, 1),
	(2071, 9, 15, 2192, 1),
	(2072, 9, 15, 2193, 1),
	(2073, 9, 15, 2194, 1),
	(2074, 9, 15, 2195, 1),
	(2075, 9, 15, 2196, 1),
	(2076, 9, 15, 2197, 1),
	(2077, 9, 15, 2198, 1),
	(2078, 9, 15, 2199, 1),
	(2079, 9, 15, 2200, 1),
	(2080, 9, 15, 2201, 1),
	(2081, 9, 15, 2202, 1),
	(2082, 9, 15, 2203, 1),
	(2083, 9, 15, 2204, 1),
	(2084, 9, 15, 2205, 1),
	(2085, 9, 15, 2206, 1),
	(2086, 9, 15, 2207, 1),
	(2087, 9, 15, 2208, 1),
	(2088, 9, 15, 2209, 1),
	(2089, 9, 15, 2210, 1),
	(2090, 9, 15, 2211, 1),
	(2091, 9, 15, 2212, 1),
	(2092, 9, 19, 1490, 1),
	(2093, 9, 19, 2076, 1),
	(2094, 9, 19, 2077, 1),
	(2095, 9, 19, 2078, 1),
	(2096, 9, 19, 2079, 1),
	(2097, 9, 19, 2080, 1),
	(2098, 9, 19, 2081, 1),
	(2099, 9, 19, 2082, 1),
	(2100, 9, 19, 2083, 1),
	(2101, 9, 19, 2084, 1),
	(2102, 9, 19, 2085, 1),
	(2103, 9, 19, 2086, 1),
	(2104, 9, 19, 2087, 1),
	(2105, 9, 19, 2088, 1),
	(2106, 9, 19, 2089, 1),
	(2107, 9, 19, 2090, 1),
	(2108, 9, 19, 2091, 1),
	(2109, 9, 19, 2092, 1),
	(2110, 9, 19, 2093, 1),
	(2111, 9, 19, 2094, 1),
	(2112, 9, 19, 2095, 1),
	(2113, 9, 19, 2096, 1),
	(2114, 9, 19, 2097, 1),
	(2115, 9, 19, 2098, 1),
	(2116, 9, 19, 2099, 1),
	(2117, 9, 25, 1836, 1),
	(2118, 9, 25, 2116, 1),
	(2119, 9, 25, 2117, 1),
	(2120, 9, 25, 2135, 1),
	(2121, 9, 25, 2136, 1),
	(2122, 9, 25, 2137, 1),
	(2123, 9, 25, 2138, 1),
	(2124, 9, 25, 2139, 1),
	(2125, 9, 25, 2140, 1),
	(2126, 9, 25, 2141, 1),
	(2127, 9, 25, 2142, 1),
	(2128, 9, 25, 2143, 1),
	(2129, 9, 25, 2144, 1),
	(2130, 9, 25, 2145, 1),
	(2131, 9, 25, 2146, 1),
	(2132, 9, 25, 2147, 1),
	(2133, 9, 25, 2148, 1),
	(2134, 9, 25, 2149, 1),
	(2135, 9, 25, 2150, 1),
	(2136, 9, 25, 2151, 1),
	(2137, 9, 25, 2152, 1),
	(2138, 9, 25, 2153, 1),
	(2139, 9, 25, 2154, 1),
	(2140, 9, 25, 2155, 1),
	(2141, 9, 25, 2156, 1),
	(2142, 9, 25, 2157, 1),
	(2143, 9, 25, 2158, 1),
	(2144, 9, 25, 2159, 1),
	(2145, 9, 25, 2160, 1),
	(2146, 9, 25, 2161, 1),
	(2147, 9, 25, 2162, 1),
	(2148, 9, 25, 2163, 1),
	(2149, 9, 25, 2164, 1),
	(2150, 9, 25, 2165, 1),
	(2151, 9, 25, 2166, 1),
	(2152, 9, 25, 2167, 1),
	(2153, 9, 25, 2168, 1),
	(2154, 9, 25, 2169, 1);

-- Dumping structure for table zenandsuweb_db.product
CREATE TABLE IF NOT EXISTS `product` (
  `id` int(11) NOT NULL AUTO_INCREMENT,
  `category_has_type_id` int(11) NOT NULL,
  `brand` varchar(45) DEFAULT NULL,
  `title` varchar(1000) DEFAULT NULL,
  `material` varchar(50) DEFAULT NULL,
  `price` double DEFAULT NULL,
  `discount` float DEFAULT 0,
  `newPrice` float DEFAULT NULL,
  `coupon` varchar(45) DEFAULT NULL,
  `description` longtext DEFAULT NULL,
  `total_qty` int(11) DEFAULT NULL,
  `status_id` int(11) NOT NULL,
  `user_id` int(11) NOT NULL,
  `datetime_added` datetime DEFAULT NULL,
  PRIMARY KEY (`id`),
  KEY `fk_product_user1_idx` (`user_id`),
  KEY `fk_product_category_has_type1_idx` (`category_has_type_id`),
  KEY `fk_product_status1_idx` (`status_id`),
  CONSTRAINT `fk_product_category_has_type1` FOREIGN KEY (`category_has_type_id`) REFERENCES `category_has_type` (`id`),
  CONSTRAINT `fk_product_status1` FOREIGN KEY (`status_id`) REFERENCES `status` (`id`),
  CONSTRAINT `fk_product_user1` FOREIGN KEY (`user_id`) REFERENCES `user` (`id`)
) ENGINE=InnoDB AUTO_INCREMENT=22 DEFAULT CHARSET=utf8mb4 COLLATE=utf8mb4_bin;

-- Dumping data for table zenandsuweb_db.product: ~9 rows (approximately)
INSERT INTO `product` (`id`, `category_has_type_id`, `brand`, `title`, `material`, `price`, `discount`, `newPrice`, `coupon`, `description`, `total_qty`, `status_id`, `user_id`, `datetime_added`) VALUES
	(13, 13, 'CLIFF', 'Collagen Natural', 'Collagen', 2750, 10, 2475, '', '           \r\n100%     \r\n  30       ,  ,               Clif Collagen Natural Supplement\r\n                 .\r\n              \r\n       100%           WhatsApp \r\n 0705 831 038\r\n  ,\r\n -\r\n -\r\n   Inbox \r\n           \r\n\r\n***************************************************************************************************************************************************\r\n\r\nTo maintain the youthful appearance without any side effects for bright and healthy skin  \r\n100% natural collagen care now for you too\r\nClif Collagen Natural Supplement is an infallible natural remedy for skin wrinkles, sagging, loss of fullness and joint stiffness that occurs after the age of 30.\r\n It can be pointed out that the cause of the above-mentioned weaknesses is that your body produces less collagen than you need.\r\n\r\nUsing this product will help your body naturally boost collagen levels.\r\nWhatsApp us to order 100% natural local collagen product that can be used by both men and women and get it delivered to your home.\r\n 0705 831 038\r\nOr yours,\r\n Name -\r\nAddress -\r\n Inbox us the phone number\r\nCash payments can also be made at the time of receiving the parcel \r\n\r\n***************************************************************************************************************************************************\r\n\r\n#collagen #collagennatural #zenandsu #clif #zenandsuholdings', 198, 1, 1, '2022-12-22 16:01:55'),
	(14, 12, 'Frangipani', 'Foot Oil', 'Araliya', 6500, 30, 4550, '', '        .    Zen & Su    Frangipani Foot oil    . ,        moisturizing   \r\n\r\nWhatsApp us to get it delivered to your doorstep.\r\n 0705 831 038\r\nIf not yours ,\r\n Name -\r\nAddress -\r\n Inbox us your phone number\r\nCash on delivery also on your hand \r\n\r\n***************************************************************************************************************************************************\r\n\r\nYou do not need to spend thousands of dollars to protect your feet. Start using Zen & Su Frangipani Foot Oil, which contains Frangipani oil extract. Get ten hours of moisturizing protection for your skin to prevent dryness and blemishes\r\n\r\nWhatsApp us to get it delivered to your doorstep.\r\n 0705 831 038\r\nIf not yours,\r\n Name -\r\nAddress -\r\n Inbox us your phone number\r\nCash on delivery also on your hand \r\n\r\n***************************************************************************************************************************************************\r\n\r\n#footoil #naturalfootoil #zenandsu #zenandsuholdings #beauty #naturalproduct #skincare #eggfruit #beautyproduct', 200, 1, 1, '2022-12-22 18:06:49'),
	(15, 6, 'CLIFF', 'Beard Oil', 'Sandalwood', 1500, 10, 1350, '', 'Zen & Su    \r\n      ?\r\n          ?\r\n   Zen & Su  \r\n\r\n 100%      \r\n              \r\n 100%        \r\n   GMP    \r\n\r\nBeard Oil by Zen & Su        WhatsApp \r\n 0705 831 038\r\n  ,\r\n -\r\n -\r\n   Inbox \r\n           \r\n\r\n***************************************************************************************************************************************************\r\n\r\nExperience the wonder of Zen & Su hairspray\r\nDo you also dream of a thick and attractive beard?\r\nAfraid to use synthetic cosmetics available in the market due to side effects?\r\nThen the best solution is for you from Zen & Su\r\n\r\n It is a product made using only 100% natural ingredients\r\n Using this helps to slow down the graying of hair and helps to grow a thick beard\r\n A pleasant fragrant ointment made from 100% natural sandun oil essence\r\n This product is a GMP certified product\r\n\r\n\r\nWhatsApp us to order Beard Oil by Zen & Su and have it delivered to your home today\r\n 0705 831 038\r\nOr yours,\r\n Name -\r\nAddress -\r\n Inbox us the phone number\r\nCash payments can also be made at the time of receiving the parcel \r\n\r\n***************************************************************************************************************************************************\r\n\r\n#zenandsu #beardoil #beard #natural #sandalwood #naturalproduct #zenandsuholdings', 197, 1, 1, '2022-12-22 18:17:43'),
	(16, 7, 'CLIFF', 'Climacteric-Aid', 'Canistel Yellow Sapote Eggfruit', 2500, 10, 2250, '', ' ,\r\n \r\n    \r\n  \r\n     \r\n               \r\nWhatsApp us to get it delivered to your doorstep.\r\n 0705 831 038\r\n\r\n Name -\r\nAddress -\r\n Inbox us your phone number\r\nCash on delivery also on your hand\r\n\r\n***************************************************************************************************************************************************\r\n\r\nMenopausal yours,\r\nIrregular menstruation\r\nExcessive sweating at night\r\nSlow weight gain\r\nLethargy and sleep problems\r\nProvides you comfort in vaginal dryness and other complications caused by menopause.\r\nWhatsApp us to get it delivered to your doorstep.\r\n 0705 831 038\r\n\r\n Name -\r\nAddress -\r\n Inbox us your phone number\r\nCash on delivery also on your hand', 200, 1, 1, '2022-12-22 18:39:38'),
	(17, 17, 'Zen & Su', 'Evening Detox Slim Fit Tea', 'Lotus Leaves', 875, 0, 875, '', '100%     Evening Detox Slim-Fit Tea  2g tea bags 30 .                                            .    ,      ,    ,         .      ,             . \r\n\r\n  :  ,    \r\n\r\n  875/-   . \r\n\r\n      .   7-10   .\r\n\r\n***************************************************************************************************************************************************\r\n\r\nMade from 100% natural herbal ingredients, Evening Detox Slim-Fit Tea contains 30 2g tea bags per pack. By drinking this tea as a hot tea before going to sleep, it is possible to lose weight in a very short time by breaking the stored fats that cannot be burned, and due to the plant essences here, it makes weight loss even easier by regularizing the digestion process.It also helps reduce inflammation, kill cancer cells and bacteria, lower blood sugar, and protect the heart and blood vessels. The compounds in lotus leaves have also been scientifically proven to help protect the skin, liver and brain.\r\n\r\nAdangu Materials : Lotus leaf, Senehe leaf and Aventora\r\n\r\nPrice Rs 875/- No delivery charges.\r\n\r\nProvide name address phone number to order. Available within 7-10 days of ordering.\r\n', 200, 1, 1, '2022-12-22 18:45:55'),
	(18, 9, 'CLIFF', 'Herbal Facepack 1', 'Kaladuru, Bee Honey', 550, 0, 550, '', 'Zen & Su    facepacks   .\r\n\r\n***************************************************************************************************************************************************\r\n\r\nZen & Su introduces you the best facepacks for woman. ', 100, 1, 1, '2022-12-22 18:56:25'),
	(19, 9, 'CLIFF', 'Herbal Facepack 2', 'Banana, Neem Leaf, Bee Honey', 550, 0, 550, '', 'Zen & Su    facepacks   .\r\n\r\n***************************************************************************************************************************************************\r\n\r\nZen & Su introduces you the best facepacks for woman. ', 100, 1, 1, '2022-12-22 18:56:04'),
	(20, 16, 'CLIFF', 'Nutmeg Body Treat', 'Nutmeg', 1500, 10, 1350, '', '          \r\n100%             \r\nZen & Su Nutmeg body treat toning cleansing oil    \r\n    -\r\n        \r\n              \r\n Pigmentation    \r\n            \r\n          \r\n    ,   ,  ,          ,        .\r\n  GMP  HACCP     100%  \r\n      WhatsApp \r\n 0705 831 038\r\n  ,\r\n -\r\n -\r\n   Inbox \r\n           \r\n\r\n***************************************************************************************************************************************************\r\n\r\nThe days of applying Petro Liam to maintain healthy, youthful skin are over\r\n100% natural nutmeg essence gives you a healthy and smooth skin that adds youth to the whole body\r\nUse Zen & Su Nutmeg body treat toning cleansing oil today\r\nThis will benefit you \r\n Helps maintain soft and smooth youthful skin\r\n Helps prevent fine lines and wrinkles that make the skin look older than its age\r\n Helps reduce pigmentation\r\n Helps restore moisture while stimulating dull skin\r\n Helps to reduce skin discoloration and pigmentation\r\n Reduces dark spots, pigmentation and freckles due to sun UV rays, hormonal changes, aging, side effects of medications or any skin disease.\r\nThis product is GMP and HACCP certified 100% made in Sri Lanka.\r\nWhatsApp us to order and have it delivered to your home\r\n 0705 831 038\r\nOr yours,\r\n Name -\r\nAddress -\r\n Inbox us the phone number\r\nCash payments can also be made at the time of receiving the parcel \r\n\r\n***************************************************************************************************************************************************\r\n\r\n#nutmeg #nutmegclensingoil #zenandsu #clif #zenandsuholdings #beauty #naturalproduct #skincare #beautyproduct #naturalskincare', 100, 1, 1, '2022-12-22 19:03:32'),
	(21, 8, 'Zoe', 'Zoe Body Cream', 'Sandalwood', 3300, 10, 2970, '', 'Zoe, Zen & Su   .\r\n\r\n***************************************************************************************************************************************************\r\n\r\nZoe, the new member of Zen & Su family.', 150, 1, 1, '2022-12-22 19:37:21');

-- Dumping structure for table zenandsuweb_db.product_img
CREATE TABLE IF NOT EXISTS `product_img` (
  `code` varchar(200) NOT NULL,
  `product_id` int(11) NOT NULL,
  PRIMARY KEY (`code`),
  KEY `fk_product_img_product1_idx` (`product_id`),
  CONSTRAINT `fk_product_img_product1` FOREIGN KEY (`product_id`) REFERENCES `product` (`id`)
) ENGINE=InnoDB DEFAULT CHARSET=utf8mb4 COLLATE=utf8mb4_bin;

-- Dumping data for table zenandsuweb_db.product_img: ~9 rows (approximately)
INSERT INTO `product_img` (`code`, `product_id`) VALUES
	('assets/images/product_images//thumbnail63a4321b3773e.png', 13),
	('assets/images/product_images//thumbnail63a44f61ef16c.png', 14),
	('assets/images/product_images//thumbnail63a451efbc4dd.png', 15),
	('assets/images/product_images//thumbnail63a45712c9fbc.jpg', 16),
	('assets/images/product_images//thumbnail63a4588b99619.jpg', 17),
	('assets/images/product_images//thumbnail63a45a5986e9d.jpg', 18),
	('assets/images/product_images//thumbnail63a45aec7396b.jpg', 19),
	('assets/images/product_images//thumbnail63a45cac9208b.jpg', 20),
	('assets/images/product_images//thumbnail63a46499721dc.jpg', 21);

-- Dumping structure for table zenandsuweb_db.province
CREATE TABLE IF NOT EXISTS `province` (
  `id` int(11) NOT NULL AUTO_INCREMENT,
  `name` varchar(45) DEFAULT NULL,
  PRIMARY KEY (`id`)
) ENGINE=InnoDB AUTO_INCREMENT=10 DEFAULT CHARSET=utf8mb4 COLLATE=utf8mb4_bin;

-- Dumping data for table zenandsuweb_db.province: ~9 rows (approximately)
INSERT INTO `province` (`id`, `name`) VALUES
	(1, 'Western'),
	(2, 'Central'),
	(3, 'Southern'),
	(4, 'North Western'),
	(5, 'Sabaragamuwa'),
	(6, 'Eastern'),
	(7, 'Uva'),
	(8, 'North Central'),
	(9, 'Northern');

-- Dumping structure for table zenandsuweb_db.size
CREATE TABLE IF NOT EXISTS `size` (
  `id` int(11) NOT NULL AUTO_INCREMENT,
  `name` varchar(15) DEFAULT NULL,
  PRIMARY KEY (`id`)
) ENGINE=InnoDB AUTO_INCREMENT=9 DEFAULT CHARSET=utf8mb4 COLLATE=utf8mb4_bin;

-- Dumping data for table zenandsuweb_db.size: ~8 rows (approximately)
INSERT INTO `size` (`id`, `name`) VALUES
	(1, 'XS'),
	(2, 'S'),
	(3, 'M'),
	(4, 'L '),
	(5, 'XL'),
	(6, 'XXL'),
	(7, 'XXXL'),
	(8, '4XL');

-- Dumping structure for table zenandsuweb_db.status
CREATE TABLE IF NOT EXISTS `status` (
  `id` int(11) NOT NULL AUTO_INCREMENT,
  `name` varchar(10) DEFAULT NULL,
  PRIMARY KEY (`id`)
) ENGINE=InnoDB AUTO_INCREMENT=4 DEFAULT CHARSET=utf8mb4 COLLATE=utf8mb4_bin;

-- Dumping data for table zenandsuweb_db.status: ~3 rows (approximately)
INSERT INTO `status` (`id`, `name`) VALUES
	(1, 'Active'),
	(2, 'Deactive'),
	(3, 'Admin');

-- Dumping structure for table zenandsuweb_db.stock
CREATE TABLE IF NOT EXISTS `stock` (
  `id` int(11) NOT NULL AUTO_INCREMENT,
  `product_id` int(11) NOT NULL,
  `color_id` int(11) NOT NULL,
  `color_variation` varchar(45) DEFAULT NULL,
  `XS` int(11) DEFAULT 0,
  `S` int(11) DEFAULT 0,
  `M` int(11) DEFAULT 0,
  `L` int(11) DEFAULT 0,
  `XL` int(11) DEFAULT 0,
  `XXL` int(11) DEFAULT 0,
  `XXXL` int(11) DEFAULT 0,
  `4XL` int(11) DEFAULT 0,
  `product_img1` varchar(500) DEFAULT NULL,
  `product_img2` varchar(500) DEFAULT NULL,
  PRIMARY KEY (`id`),
  KEY `fk_stock_product1_idx` (`product_id`),
  KEY `fk_stock_color1_idx` (`color_id`),
  CONSTRAINT `fk_stock_color1` FOREIGN KEY (`color_id`) REFERENCES `color` (`id`),
  CONSTRAINT `fk_stock_product1` FOREIGN KEY (`product_id`) REFERENCES `product` (`id`)
) ENGINE=InnoDB AUTO_INCREMENT=56 DEFAULT CHARSET=utf8mb4 COLLATE=utf8mb4_bin;

-- Dumping data for table zenandsuweb_db.stock: ~14 rows (approximately)
INSERT INTO `stock` (`id`, `product_id`, `color_id`, `color_variation`, `XS`, `S`, `M`, `L`, `XL`, `XXL`, `XXXL`, `4XL`, `product_img1`, `product_img2`) VALUES
	(42, 13, 1, 'Box', 0, 0, 0, 99, 0, 0, 0, 0, 'assets/images/product_images//blue_img163a4321b3a471.jpg', 'assets/images/product_images//blue_img263a4321b3b03a.jpg'),
	(43, 13, 2, 'Bottle', 0, 0, 0, 99, 0, 0, 0, 0, 'assets/images/product_images//green_img163a4321b3c656.png', 'assets/images/product_images//green_img263a4321b3dace.jpg'),
	(44, 14, 1, 'Box', 0, 0, 0, 100, 0, 0, 0, 0, 'assets/images/product_images//blue_img163a44f61f3285.png', 'assets/images/product_images//blue_img263a44f6200546.jpg'),
	(45, 14, 2, 'Bottle', 0, 0, 0, 100, 0, 0, 0, 0, 'assets/images/product_images//green_img163a44f6202069.png', 'assets/images/product_images//green_img263a44f62031df.jpg'),
	(46, 15, 1, 'Box', 0, 0, 0, 97, 0, 0, 0, 0, 'assets/images/product_images//blue_img163a451efc02be.jpg', 'assets/images/product_images//blue_img263a451efc12b5.png'),
	(47, 15, 2, 'Bottle', 0, 0, 0, 100, 0, 0, 0, 0, 'assets/images/product_images//green_img163a451efc311f.jpg', 'assets/images/product_images//green_img263a451efc4b49.png'),
	(48, 16, 1, 'Box', 0, 0, 0, 100, 0, 0, 0, 0, 'assets/images/product_images//blue_img163a45712cd840.jpg', 'assets/images/product_images//blue_img263a45712ce795.jpg'),
	(49, 16, 2, 'Bottle', 0, 0, 0, 100, 0, 0, 0, 0, 'assets/images/product_images//green_img163a45712d03ab.jpg', 'assets/images/product_images//green_img263a45712d19e6.jpg'),
	(50, 17, 1, 'Box', 0, 0, 0, 100, 0, 0, 0, 0, 'assets/images/product_images//blue_img163a4588b9d510.jpg', 'assets/images/product_images//blue_img263a4588b9ee12.jpg'),
	(51, 17, 2, 'Bottle', 0, 0, 0, 100, 0, 0, 0, 0, 'assets/images/product_images//green_img163a4588ba18b1.jpg', 'assets/images/product_images//green_img263a4588ba2e90.jpg'),
	(52, 18, 1, 'Pack', 0, 0, 0, 100, 0, 0, 0, 0, 'assets/images/product_images//blue_img163a45a598c26f.jpg', 'assets/images/product_images//blue_img263a45a598e1e8.jpg'),
	(53, 19, 1, 'Pack', 0, 0, 0, 100, 0, 0, 0, 0, 'assets/images/product_images//blue_img163a45aec7878a.jpg', 'assets/images/product_images//blue_img263a45aec7a078.jpg'),
	(54, 20, 1, 'Bottle', 0, 0, 0, 100, 0, 0, 0, 0, 'assets/images/product_images//blue_img163a45cac96062.png', 'assets/images/product_images//blue_img263a45cac970c0.jpg'),
	(55, 21, 1, 'Balm', 0, 0, 150, 0, 0, 0, 0, 0, 'assets/images/product_images//blue_img163a46499771c3.jpg', 'assets/images/product_images//blue_img263a464997896d.jpg');

-- Dumping structure for table zenandsuweb_db.type
CREATE TABLE IF NOT EXISTS `type` (
  `id` int(11) NOT NULL AUTO_INCREMENT,
  `name` varchar(45) DEFAULT NULL,
  PRIMARY KEY (`id`)
) ENGINE=InnoDB AUTO_INCREMENT=37 DEFAULT CHARSET=utf8mb4 COLLATE=utf8mb4_bin;

-- Dumping data for table zenandsuweb_db.type: ~6 rows (approximately)
INSERT INTO `type` (`id`, `name`) VALUES
	(1, 'Tablets'),
	(2, 'Creams'),
	(3, 'Facepacks'),
	(4, 'Body Care'),
	(5, 'Teas'),
	(6, 'Oils');

-- Dumping structure for table zenandsuweb_db.user
CREATE TABLE IF NOT EXISTS `user` (
  `id` int(11) NOT NULL AUTO_INCREMENT,
  `email` varchar(55) DEFAULT NULL,
  `fname` varchar(45) DEFAULT NULL,
  `lname` varchar(45) DEFAULT NULL,
  `password` varchar(45) DEFAULT NULL,
  `mobile` varchar(45) DEFAULT NULL,
  `register_date` datetime DEFAULT NULL,
  `verification_code` varchar(45) DEFAULT NULL,
  `gender_id` int(11) NOT NULL,
  `status_id` int(11) NOT NULL,
  PRIMARY KEY (`id`),
  KEY `fk_user_gender_idx` (`gender_id`),
  KEY `fk_user_status1_idx` (`status_id`),
  CONSTRAINT `fk_user_gender` FOREIGN KEY (`gender_id`) REFERENCES `gender` (`id`),
  CONSTRAINT `fk_user_status1` FOREIGN KEY (`status_id`) REFERENCES `status` (`id`)
) ENGINE=InnoDB AUTO_INCREMENT=10 DEFAULT CHARSET=utf8mb4 COLLATE=utf8mb4_bin;

-- Dumping data for table zenandsuweb_db.user: ~1 rows (approximately)
INSERT INTO `user` (`id`, `email`, `fname`, `lname`, `password`, `mobile`, `register_date`, `verification_code`, `gender_id`, `status_id`) VALUES
	(1, 'user1@gmail.com', 'User', 'One', 'User@1', '0000000000', '2022-12-25 11:36:57', NULL, 1, 1);

-- Dumping structure for table zenandsuweb_db.user_has_address
CREATE TABLE IF NOT EXISTS `user_has_address` (
  `id` int(11) NOT NULL AUTO_INCREMENT,
  `user_id` int(11) NOT NULL,
  `line1` mediumtext DEFAULT NULL,
  `line2` mediumtext DEFAULT NULL,
  `location_id` int(11) NOT NULL,
  PRIMARY KEY (`id`),
  KEY `fk_user_has_address_user1_idx` (`user_id`),
  KEY `fk_user_has_address_location1_idx` (`location_id`),
  CONSTRAINT `fk_user_has_address_location1` FOREIGN KEY (`location_id`) REFERENCES `location` (`id`),
  CONSTRAINT `fk_user_has_address_user1` FOREIGN KEY (`user_id`) REFERENCES `user` (`id`)
) ENGINE=InnoDB AUTO_INCREMENT=16 DEFAULT CHARSET=utf8mb4 COLLATE=utf8mb4_bin;

-- Dumping data for table zenandsuweb_db.user_has_address: ~1 rows (approximately)
INSERT INTO `user_has_address` (`id`, `user_id`, `line1`, `line2`, `location_id`) VALUES
	(1, 1, 'Kandy, Central', 'Sri Lanka', 1);

-- Dumping structure for table zenandsuweb_db.wishlist
CREATE TABLE IF NOT EXISTS `wishlist` (
  `id` int(11) NOT NULL AUTO_INCREMENT,
  `product_id` int(11) NOT NULL,
  `user_id` int(11) NOT NULL,
  PRIMARY KEY (`id`),
  KEY `fk_wishlist_product1_idx` (`product_id`),
  KEY `fk_wishlist_user1_idx` (`user_id`),
  CONSTRAINT `fk_wishlist_product1` FOREIGN KEY (`product_id`) REFERENCES `product` (`id`),
  CONSTRAINT `fk_wishlist_user1` FOREIGN KEY (`user_id`) REFERENCES `user` (`id`)
) ENGINE=InnoDB AUTO_INCREMENT=3 DEFAULT CHARSET=utf8mb4 COLLATE=utf8mb4_bin;

-- Dumping data for table zenandsuweb_db.wishlist: ~0 rows (approximately)

/*!40103 SET TIME_ZONE=IFNULL(@OLD_TIME_ZONE, 'system') */;
/*!40101 SET SQL_MODE=IFNULL(@OLD_SQL_MODE, '') */;
/*!40014 SET FOREIGN_KEY_CHECKS=IFNULL(@OLD_FOREIGN_KEY_CHECKS, 1) */;
/*!40101 SET CHARACTER_SET_CLIENT=@OLD_CHARACTER_SET_CLIENT */;
/*!40111 SET SQL_NOTES=IFNULL(@OLD_SQL_NOTES, 1) */;
